               4.322 0 0 0   8.4255e-11 -3.70119e-11    -0.073629 0 0 0 0 0 0  9.33991e-10 -4.03236e-10      -0.8181 -1.14499e-11 -2.53342e-11 -1.29266e-16 0 0 0  4.50277e-09 -2.03007e-09       -9.809 
               4.422    0.033799  -0.0483166 -0.00257712   0.00269845 -0.000173763    -0.130132  3.36059e-07 -6.44342e-07 -2.55697e-08  2.76996e-08 -6.89593e-11  3.93079e-07 -0.000898877  -0.00101781     -1.21929 -1.17789e-08  2.10019e-08  8.95794e-10 -4.92656e-08   5.4565e-10 -7.07659e-07  5.18994e-08 -2.55502e-09       -9.809 
               4.522   0.0282492  -0.0841504 -0.00779028   0.00495477 -0.000298691   -0.0946649  3.99822e-07 -1.04953e-05 -4.04454e-08  5.75859e-08 -1.00833e-08 -1.33502e-06   0.0102923 -0.00126483   -0.761939 4.19236e-06 3.27545e-05 4.52511e-06 -3.06328e-06 -1.97803e-08  -0.00021375 2.922e-06 -3.47e-09    -9.809 
               4.622   0.0575403   -0.122407 -0.00734111  0.00634665 0.000549059   -0.130863  0.00524495 -0.00932171 -1.9223e-07  3.13682e-07   7.1907e-07 -2.93519e-06  0.0129975 0.00326666  -0.957343 -1.74013e-05  5.47044e-05  4.75505e-06 -0.00284623 -0.00160146 -0.00192991 0.00273536 0.00153887     -9.809 
               4.722    0.078187   -0.151679 -0.00652975 0.00804935 0.00136064  -0.167133     0.018421   -0.0352833 -4.41009e-06 -8.61254e-08  1.58079e-06 -3.21719e-06  0.0220108 0.00880853   -1.13168 -2.82378e-05  6.29459e-05  4.60977e-06  -0.0107747 -0.00562545 -0.00971817  0.0103489 0.00540169   -9.80899 
               4.822  0.0745205  -0.197635 -0.0115113  0.0123268 0.00364122  -0.212637    0.0385955   -0.0750034 -2.42285e-05  9.63434e-07 -7.01378e-08 -3.73364e-06 0.0437263 0.0210308   -1.3123 -1.86583e-05  8.67651e-05  9.22289e-06 -0.0229096 -0.0117891 -0.0288075 0.0219884 0.0113088  -9.80897 
               4.922    0.102975   -0.261934 -0.00957207  0.0148342 0.00482588  -0.253703    0.0475652   -0.0965368 -3.20264e-05   7.8521e-06  1.73031e-06 -7.04314e-06 0.0538362 0.0254345  -1.44988 -2.09016e-05   9.7774e-05   7.6553e-06 -0.0295252 -0.0145503 -0.0701422 0.0282861 0.0139322  -9.80895 
               5.022   0.147333  -0.343596 -0.0121396   0.017005 0.00595626  -0.295937    0.0521507    -0.108101 -2.74738e-05  2.27193e-05  1.14494e-05 -1.04566e-05 0.0606924 0.0283805  -1.55654 -3.39482e-05  0.000117072  9.85745e-06 -0.0331665 -0.0160128  -0.138584 0.0316832 0.0153014  -9.80894 
               5.122   0.176174  -0.438319 -0.0159216  0.0203011 0.00743087  -0.336329    0.0543837    -0.118007 -3.11939e-06  4.53574e-05  1.98343e-05 -1.23219e-05 0.0711117 0.0314064  -1.62389 -3.63635e-05  0.000155956  1.29421e-05 -0.0363732 -0.0168127  -0.234951 0.0346082 0.0160236  -9.80893 
               5.222   0.182366  -0.484588 -0.0124834  0.0217523 0.00763265  -0.352981   0.0496339   -0.116813 4.78785e-05  5.26181e-05  1.68468e-05 -5.64559e-06  0.073876 0.0287073    -1.603 -1.82669e-05  0.000153538  9.94344e-06 -0.0363657 -0.0156027  -0.370647 0.0343382 0.0147827  -9.80893 
               5.322    0.198412   -0.584425 -0.00924192  0.0255655 0.00700444  -0.384293   0.0414784   -0.120402 0.000147768  6.87355e-05  1.25639e-05 -8.42082e-06 0.0825453 0.0221594  -1.60755 -1.62581e-05   0.00022251  6.88531e-06 -0.0376584 -0.0134233  -0.501098 0.0352562 0.0125889  -9.80893 
               5.422    0.201665   -0.662281 -0.00747803  0.0279933 0.00636211  -0.403141   0.0355368   -0.117988 0.000185348  7.92517e-05  3.41434e-06 -7.71271e-06 0.0842798 0.0180476  -1.57053 -1.11241e-05   0.00027974  5.15888e-06 -0.0371521 -0.0119262  -0.643677 0.034317 0.011004 -9.80893 
               5.522    0.239997   -0.697799 -0.00587805  0.0286345 0.00700276  -0.409398   0.0359063    -0.11137 0.000136239  6.79894e-05  6.38095e-06 -3.16256e-06 0.0801853 0.0206471   -1.5034 -4.57141e-05  0.000307082  3.72333e-06 -0.0354272 -0.0121447  -0.790288 0.0320556 0.0110136  -9.80894 
               5.622    0.258691   -0.719459 -0.00660027  0.0290837 0.00757323  -0.409692  0.0356173  -0.107054 0.00010191 4.18042e-05 7.61259e-06 1.24951e-06 0.0772638  0.022008  -1.43001 -6.59752e-05   0.00033086  4.17811e-06 -0.0342678 -0.0121376  -0.930195 0.0301991 0.0107632  -9.80895 
               5.722    0.260194   -0.728269 -0.00454704   0.028848 0.00690168  -0.405062   0.0313099    -0.10228 0.000104381 7.41215e-06 8.54049e-07  3.0789e-06 0.0722024 0.0179981  -1.35417 -6.99752e-05  0.000346629  2.28001e-06 -0.0329966 -0.0111019   -1.06154  0.0281085 0.00948204   -9.80896 
               5.822    0.275175   -0.715642 -0.00164659  0.0273688 0.00669831  -0.392712  0.0305276 -0.0959323 8.4808e-05 -3.49243e-05 -3.78198e-06  3.09294e-06 0.0639844 0.0175091  -1.26862  -8.8988e-05  0.000344601 -2.23637e-07 -0.0314011 -0.0109156   -1.18686  0.0255771 0.00896409   -9.80896 
               5.922    0.255989   -0.689379 -0.00419666 0.0261823  0.007181 -0.376735   0.0321705  -0.0932082 5.18383e-05 -7.93109e-05  -1.8325e-05  3.88984e-06 0.0593748 0.0200231  -1.18533 -8.10981e-05     0.000334  1.88185e-06 -0.0307056 -0.0112712   -1.30275  0.0238357 0.00893013   -9.80897 
               6.022   0.246006  -0.663306 -0.0037668  0.0240018 0.00660739  -0.359677   0.0289972  -0.0882365 5.91214e-05 -0.000116582 -3.26011e-05  1.43797e-06  0.051268 0.0161649  -1.11128 -7.64596e-05   0.00032054  1.49389e-06 -0.0295811 -0.0105891    -1.4081  0.0216714 0.00788717   -9.80897 
               6.122    0.226606    -0.64278 -0.00697941  0.0232502 0.00590319   -0.34889   0.0260731  -0.0888312 7.52236e-05 -0.000141285 -4.62804e-05 -1.75086e-06 0.0497948 0.0124336  -1.06167 -6.3184e-05 0.000314322 4.12947e-06  -0.0296852 -0.00999738     -1.4996  0.0207561 0.00694941   -9.80898 
               6.222     0.22039   -0.630174 -0.00390964  0.0234005 0.00489833  -0.341926   0.0237072   -0.091186 8.88511e-05 -0.000153755  -5.4503e-05 -5.18144e-06  0.050525 0.0089763  -1.02544 -6.0703e-05 0.000314534  1.5301e-06  -0.0301762 -0.00953813    -1.58176  0.0202775 0.00615797   -9.80898 
               6.322    0.212761   -0.616968 -0.00609674  0.0227821 0.00567954  -0.335113   0.0282948  -0.0901696 5.81679e-05 -0.000158606 -5.84226e-05 -6.86363e-06 0.0469411 0.0145216  -0.99069 -6.21557e-05  0.000310397  3.33556e-06 -0.0300299 -0.0104425   -1.65875  0.0192376 0.00668536   -9.80898 
               6.422   0.203691  -0.600709 -0.0105383  0.0214513 0.00679655  -0.325955   0.0320653  -0.0876903 3.63282e-05 -0.000159213 -5.99442e-05 -6.85445e-06 0.0415325 0.0193146 -0.952419 -6.13392e-05  0.000301764  7.00169e-06 -0.0296377 -0.0111736   -1.73244  0.0180065 0.00706437   -9.80898 
               6.522    0.19497  -0.590673 -0.0112177  0.0208048 0.00712801  -0.321101   0.0314937  -0.0877988 4.14293e-05 -0.000155162 -6.01556e-05 -6.85757e-06  0.039568 0.0185055 -0.927289 -5.67916e-05  0.000299299  7.51467e-06 -0.0297403 -0.0110929   -1.79891 0.0173457 0.0067092  -9.80898 
               6.622   0.194597  -0.586149 -0.0091045  0.0208635 0.00597665  -0.319186   0.0266046  -0.0898831 7.25533e-05 -0.000147791 -5.74899e-05 -7.04776e-06 0.0403331  0.011687 -0.909457 -5.52965e-05   0.00030221  5.70802e-06  -0.030195 -0.0102442   -1.86023  0.0170981 0.00565689   -9.80898 
               6.722   0.210327   -0.57696 -0.0096266 0.0204966 0.0062867 -0.316792   0.0279712  -0.0901438 7.34045e-05 -0.000140354 -4.90534e-05 -6.95669e-06 0.0388186 0.0130672 -0.889308 -7.18576e-05  0.000299396  6.09506e-06 -0.0303235 -0.0105106   -1.91914   0.016588 0.00569204   -9.80898 
               6.822    0.189112   -0.571106 -0.00994767  0.0201784 0.00570151  -0.310899   0.0261989  -0.0909926 7.86266e-05  -0.00013246 -4.78569e-05 -5.87633e-06 0.0382245 0.0105654 -0.860109 -5.54532e-05  0.000299642  6.28364e-06 -0.0305546 -0.0102355   -1.97742  0.0162024 0.00522522   -9.80899 
               6.922   0.186195  -0.563668 -0.0106111  0.0202018 0.00596158  -0.306866   0.0273257  -0.0924252 7.15584e-05 -0.000125769 -4.59355e-05 -5.20403e-06  0.038545 0.0120562 -0.837215 -5.6222e-05 0.000298615 6.78776e-06 -0.0308709 -0.0104482   -2.03158  0.0159588 0.00524405   -9.80899 
               7.022   0.190376  -0.554082 -0.0110693  0.0190621 0.00599409  -0.301261  0.0273254 -0.0901686 6.7797e-05 -0.000120602 -4.21683e-05 -4.79116e-06 0.0336628 0.0118735 -0.811182 -6.17682e-05  0.000292671  7.12609e-06 -0.0305805 -0.0104712   -2.08406   0.015171 0.00509618   -9.80899 
               7.122   0.181039  -0.545442 -0.0102751  0.0189412 0.00601892  -0.296786   0.0271924  -0.0916075 6.63505e-05 -0.000116503 -4.11717e-05 -4.28774e-06 0.0341825 0.0116574 -0.789493 -5.60566e-05  0.000290206  6.43086e-06 -0.0308806 -0.0104691   -2.13328  0.0149888 0.00493995   -9.80899 
               7.222    0.18456  -0.540037 -0.0122086  0.0183221 0.00618992   -0.29412   0.0272944  -0.0910369 6.52252e-05 -0.000112625 -3.84715e-05 -4.39906e-06 0.0317584 0.0116195 -0.773194 -6.08197e-05  0.000288468  7.95076e-06 -0.0308563  -0.010503   -2.17923  0.0145407 0.00483285   -9.80899 
               7.322   0.179267  -0.536979 -0.0119887  0.0183638 0.00599814  -0.291357   0.0264609  -0.0926355 6.88145e-05 -0.000108506 -3.73685e-05  -4.4481e-06 0.0325999 0.0102556 -0.756513 -5.76225e-05  0.000290211  7.70701e-06 -0.0311637 -0.0103905   -2.22334  0.0144337 0.00459586   -9.80899 
               7.422   0.171907  -0.532906 -0.0124644  0.0181058 0.00603926   -0.28851   0.0265687  -0.0928901 6.73355e-05 -0.000104847 -3.74145e-05 -4.16623e-06 0.0314848 0.0103821 -0.739798 -5.34484e-05   0.00028989  8.03703e-06 -0.0312632 -0.0104207   -2.26565  0.0141547 0.00450248   -9.80899 
               7.522   0.172302  -0.535317 -0.0109391  0.0187833 0.00541982  -0.288908    0.024874  -0.0953097 7.51079e-05 -0.000100502  -3.6538e-05 -4.49744e-06  0.0335885 0.00761786    -0.7309 -5.39817e-05  0.000296204  6.74457e-06 -0.0316778 -0.0101824   -2.30465  0.0142091 0.00416659   -9.80899 
               7.622   0.172103  -0.529395 -0.0130448  0.0183843 0.00600264  -0.285653    0.027032  -0.0945336 6.34382e-05 -9.77429e-05 -3.49527e-05 -4.07892e-06 0.0309134 0.0108792 -0.711919 -5.70831e-05  0.000293305  8.39844e-06 -0.0316267 -0.0105074   -2.34414  0.0138254 0.00436595   -9.80899 
               7.722  0.167677 -0.522768 -0.011625  0.0179355 0.00565883  -0.282476    0.025892  -0.0941046 6.76101e-05 -9.60462e-05 -3.44072e-05  -3.5548e-06  0.0287971 0.00903777  -0.694242 -5.41207e-05  0.000289961  7.21346e-06 -0.0316263 -0.0103564   -2.38184  0.0135079 0.00412314   -9.80899 
               7.822   0.172944  -0.508585 -0.0124261  0.0173092 0.00559299  -0.276488   0.0259092  -0.0937909 6.76118e-05 -9.64924e-05 -3.21486e-05 -3.04332e-06  0.0270969 0.00887568  -0.670909 -5.97975e-05   0.00028068  7.82882e-06  -0.031644 -0.0103704    -2.4192 0.0132141 0.0040395  -9.80899 
               7.922   0.173154  -0.506101 -0.0114585  0.0169061 0.00577942  -0.274496   0.0263605  -0.0938297 6.54097e-05  -9.5441e-05  -3.0569e-05 -3.42848e-06  0.0257995 0.00938238   -0.65919 -6.16003e-05  0.000280711  6.99545e-06 -0.0317057  -0.010443   -2.45296  0.0129957 0.00402221   -9.80899 
               8.022   0.183185  -0.513958 -0.0131034  0.0172381 0.00596079  -0.279188     0.02659  -0.0952293 6.57364e-05  -9.2106e-05 -2.76752e-05 -4.50003e-06  0.0264409 0.00925383  -0.663179 -7.08139e-05  0.000289644  8.22246e-06 -0.0319444 -0.0104826   -2.48258  0.0129824 0.00398461   -9.80899 
               8.122    0.19748   -0.50896 -0.0105441  0.0158403 0.00550238  -0.276192   0.0255708  -0.0928387 6.98661e-05 -8.96061e-05  -2.3545e-05 -4.14641e-06  0.0211251 0.00695104  -0.646917  -8.252e-05 0.000285584 6.13678e-06  -0.031682 -0.0103565   -2.51482  0.0124813 0.00378484   -9.80899 
               8.222   0.176402  -0.515396 -0.0131477  0.0172408 0.00602014  -0.278892   0.0272412  -0.0978715 6.30671e-05 -8.63126e-05  -2.5181e-05 -3.51109e-06  0.0280548 0.00961756  -0.645206 -6.80866e-05  0.000296101  8.11213e-06 -0.0323916 -0.0105844    -2.5433  0.0129258 0.00392186   -9.80899 
               8.322   0.183575  -0.515886 -0.0128448   0.017445 0.00610382  -0.278355   0.0274602  -0.0985433 6.11824e-05 -8.34557e-05 -2.51175e-05 -3.41483e-06  0.0278421 0.00963748   -0.63492 -7.49535e-05  0.000298478  7.82449e-06 -0.0325304 -0.0106221   -2.57231  0.0128318 0.00387569   -9.80899 
               8.422   0.181743  -0.517485 -0.0126667  0.0165556 0.00606961  -0.277076    0.027362  -0.0966286 5.96886e-05 -8.09882e-05 -2.55295e-05 -3.24339e-06  0.0231469 0.00918391  -0.623503 -7.43989e-05  0.000299616  7.62915e-06 -0.0323381 -0.0106196   -2.60054  0.0124344 0.00379201   -9.80899 
               8.522   0.179815  -0.507455 -0.0130886  0.0169859 0.00610767  -0.272973    0.027649  -0.0990316 5.95134e-05 -8.08363e-05 -2.60621e-05 -2.33335e-06   0.026228 0.00944691   -0.60585 -7.40817e-05  0.000295008  7.93525e-06 -0.0326932 -0.0106661   -2.62886  0.0125477 0.00375041   -9.80899 
               8.622   0.177379  -0.505823 -0.0146022  0.0165935 0.00621934   -0.27122   0.0278928  -0.0984388 5.80831e-05 -8.04135e-05 -2.65734e-05  -2.3988e-06  0.0239258 0.00962622  -0.595292 -7.32273e-05  0.000294473  9.07359e-06 -0.0326697 -0.0107069   -2.65508  0.0123227 0.00370921   -9.80899 
               8.722  0.180586 -0.503516 -0.012732  0.0166413 0.00645617  -0.271293   0.0283164  -0.0990642 5.61377e-05 -7.98314e-05 -2.63107e-05 -2.66783e-06  0.023729 0.0100116 -0.588969 -7.68854e-05  0.000294203  7.56281e-06 -0.0327942 -0.0107689   -2.67974  0.0122482 0.00369168   -9.80899 
               8.822  0.171443 -0.507365 -0.013961  0.0163069 0.00583226  -0.271338   0.0266864  -0.0988165 6.41427e-05 -7.82913e-05 -2.71868e-05 -2.91337e-06  0.0218271 0.00687171  -0.582115 -6.92426e-05  0.000297998  8.45822e-06 -0.0328121 -0.0105821   -2.70371 0.0120798 0.0034449  -9.80899 
               8.922   0.173948  -0.500573 -0.0133345 0.0161903 0.0060275 -0.267002   0.0276535   -0.099816 5.91616e-05 -7.78303e-05 -2.69347e-05 -2.59974e-06  0.0224499 0.00834817  -0.564591 -7.27742e-05  0.000294542  7.94129e-06 -0.0329815  -0.010709   -2.72862  0.0120468 0.00348747   -9.80899 
               9.022   0.177196  -0.494724 -0.0137942  0.0163677 0.00617565  -0.265812   0.0280576   -0.100866 5.83858e-05 -7.77746e-05 -2.58901e-05 -2.42426e-06  0.0231431 0.00869021  -0.555969 -7.63184e-05  0.000291675  8.26161e-06  -0.033152 -0.0107675   -2.75137  0.0120319 0.00347408   -9.80899 
               9.122   0.170023  -0.487331 -0.0138514  0.0147462 0.00562628  -0.260348  0.0269039 -0.0980507 6.1922e-05 -7.80165e-05 -2.60952e-05 -2.22706e-06  0.0167727 0.00632096  -0.537855 -7.06001e-05  0.000284716  8.26662e-06 -0.0328739 -0.0106444    -2.7749  0.0115964 0.00329237   -9.80899 
               9.222   0.168097   -0.48512 -0.0150932  0.0153851 0.00543534  -0.260275   0.0269182   -0.100925 6.26556e-05 -7.75289e-05  -2.6027e-05 -2.52966e-06   0.020927 0.00601593  -0.533667 -6.97428e-05  0.000285928  9.17959e-06 -0.0332478 -0.0106556   -2.79559  0.0117888 0.00324261   -9.80899 
               9.322   0.164489  -0.485748 -0.0124218  0.0150402 0.00515977  -0.260851   0.0267895    -0.10066 6.25161e-05 -7.61811e-05 -2.62401e-05 -2.73327e-06  0.0190885 0.00548593  -0.530083 -6.74748e-05   0.00028683  7.06423e-06 -0.0332599 -0.0106502   -2.81559  0.0116548 0.00318168   -9.80899 
               9.422   0.152161  -0.486672 -0.0140826  0.0159715 0.00540475  -0.261425   0.0278082   -0.103471 5.69031e-05 -7.45289e-05 -2.73551e-05 -2.69526e-06 0.0232007 0.0073985 -0.525495 -5.93388e-05  0.000290286  8.30075e-06 -0.0336169 -0.0107737   -2.83515  0.0118455 0.00324144   -9.80899 
               9.522    0.17439  -0.484658 -0.0143183  0.0153742 0.00618836  -0.261135   0.0295454    -0.10221 4.79158e-05 -7.31202e-05 -2.43661e-05 -3.29168e-06 0.0195116  0.010228 -0.518721 -7.83424e-05  0.000288321  8.45022e-06 -0.0335179 -0.0109761   -2.85448  0.0116209 0.00337814   -9.80899 
               9.622   0.166327  -0.479862 -0.0143396  0.0148154 0.00577139  -0.256866    0.028298   -0.101998 5.44719e-05 -7.22375e-05 -2.35582e-05 -2.82289e-06  0.0180206 0.00755199  -0.502579 -7.17692e-05  0.000285113  8.41561e-06 -0.0335384 -0.0108475   -2.87461  0.0115024 0.00321068   -9.80899 
               9.722   0.165393  -0.478094 -0.0138172  0.0153291 0.00514586  -0.256488   0.0270922    -0.10383 6.25283e-05  -7.1336e-05 -2.30801e-05 -2.73777e-06  0.0204674 0.00481558  -0.496964 -7.06399e-05  0.000285605   7.9649e-06 -0.0337773 -0.0107239   -2.89267  0.0116002 0.00305334   -9.80899 
               9.822   0.162487  -0.473206 -0.0148535  0.0153011 0.00564306  -0.253526   0.0286287   -0.104196 5.42475e-05 -7.08375e-05 -2.29021e-05 -2.51702e-06  0.0201694 0.00765061  -0.485219 -7.00936e-05  0.000282637  8.72011e-06 -0.0338566  -0.010898   -2.91111   0.011552 0.00316897   -9.80899 
               9.922   0.165685   -0.47391 -0.0128796  0.0151208 0.00539865  -0.254089   0.0280555   -0.103926 5.67211e-05 -6.98017e-05 -2.23067e-05 -2.69336e-06  0.0184137 0.00609444   -0.48275 -7.25451e-05   0.00028329  7.16474e-06 -0.0338642 -0.0108442   -2.92777 0.0114515 0.0030808  -9.80899 
              10.022   0.175877  -0.470629 -0.0117665 0.0153991 0.0052582  -0.25237   0.0280772    -0.10507 5.76402e-05 -6.90102e-05 -2.04885e-05 -2.75437e-06  0.0197002 0.00558881  -0.474253 -8.07613e-05  0.000282022  6.28048e-06 -0.0340221  -0.010854    -2.9448   0.011488 0.00304986   -9.80899 
              10.122     0.1606  -0.469209 -0.0136578   0.015224 0.00510051  -0.252007   0.0280367   -0.104879 5.69277e-05 -6.82105e-05 -2.13424e-05 -2.41182e-06  0.0182007 0.00532239  -0.469423 -6.94988e-05  0.000281082  7.67222e-06 -0.0340374 -0.0108572   -2.96089  0.0114023 0.00301499   -9.80899 
              10.222   0.157029  -0.467663 -0.0136239    0.01517 0.00522875  -0.251352  0.0285705  -0.105206 5.3192e-05 -6.73593e-05 -2.21658e-05 -2.32563e-06  0.0178061 0.00622092  -0.463557 -6.76018e-05  0.000280415  7.61045e-06 -0.0341059 -0.0109201    -2.9767  0.0113688 0.00303413   -9.80899 
              10.322   0.155897  -0.468727 -0.0136466  0.0148775 0.00495913  -0.250839   0.0281607   -0.105091 5.47756e-05   -6.621e-05 -2.25219e-05 -2.43599e-06 0.0164357 0.0051124 -0.458066 -6.68287e-05  0.000281349  7.58594e-06 -0.0341279 -0.0108854   -2.99206  0.0112974 0.00296606   -9.80899 
              10.422   0.154234  -0.464578 -0.0118606  0.0145096 0.00492705  -0.247696    0.028437   -0.105219 5.31428e-05 -6.55453e-05 -2.26752e-05 -2.28706e-06  0.0157457 0.00551074  -0.446521 -6.62025e-05  0.000278566  6.20918e-06 -0.0341757 -0.0109211   -3.00781  0.0112487 0.00296187   -9.80899 
              10.522   0.154151  -0.460724 -0.0137016  0.0151264 0.00550465  -0.247425   0.0297204   -0.107053 4.77101e-05 -6.52515e-05 -2.22434e-05 -2.20465e-06  0.0186822 0.00803556  -0.442494 -6.74411e-05  0.000277185  7.56893e-06 -0.0343919 -0.0110574    -3.0222 0.0113615 0.0030525  -9.80899 
              10.622   0.156368  -0.457054 -0.0138403  0.0150547 0.00527352  -0.245844  0.0290668  -0.107062 5.1657e-05 -6.49604e-05 -2.14858e-05 -2.17097e-06  0.0177774 0.00636648   -0.43538 -6.89663e-05  0.000274581  7.63724e-06 -0.0344247 -0.0109984   -3.03664  0.0113093 0.00296913   -9.80899 
              10.722   0.161186  -0.458856 -0.0127607  0.0145565 0.00521951  -0.247804   0.0289303   -0.106157 5.22278e-05 -6.40952e-05 -2.03903e-05 -2.30526e-06  0.0146772 0.00566696   -0.43678 -7.27611e-05  0.000275279  6.78093e-06 -0.0343638 -0.0109906   -3.04965  0.0111827 0.00293656   -9.80899 
              10.822   0.152089  -0.454581 -0.0150633  0.0145239 0.00525208  -0.243987   0.0291738   -0.107068 5.09095e-05 -6.36009e-05 -2.05469e-05 -1.94101e-06  0.0158759 0.00608871  -0.423482 -6.64505e-05  0.000272931  8.46936e-06 -0.0344852 -0.0110209   -3.06417 0.0112133 0.0029355  -9.80899 
              10.922   0.156097   -0.45498 -0.0129987  0.0143013 0.00512293  -0.243633   0.0289782   -0.107078 5.17657e-05 -6.27589e-05 -2.01172e-05 -2.03197e-06 0.0148952 0.0053215 -0.419656 -6.95972e-05  0.000273266  6.88358e-06 -0.0345149 -0.0110075   -3.07719  0.0111714 0.00289885   -9.80899 
              11.022   0.14715  -0.45184 -0.014494  0.0147282 0.00527171  -0.242417   0.0294065   -0.108465 4.95808e-05 -6.22226e-05 -2.06016e-05 -1.79223e-06   0.017118 0.00618855  -0.413587 -6.35128e-05  0.000271992   7.9651e-06 -0.0346773 -0.0110546   -3.09017  0.0112498 0.00291635   -9.80899 
              11.122   0.166652  -0.444505 -0.0136929  0.0145534 0.00551593  -0.240956    0.029876   -0.108307 4.76942e-05 -6.22443e-05 -1.85273e-05 -1.96162e-06  0.0159877 0.00669654  -0.407336 -7.86535e-05   0.00026643  7.34541e-06 -0.0346899 -0.0111053   -3.10288  0.0111974 0.00293862   -9.80899 
              11.222   0.146904  -0.449925 -0.0141389  0.0142955 0.00477304  -0.241191   0.0284102   -0.108065 5.49661e-05 -6.11646e-05 -1.95472e-05 -2.21526e-06  0.0144163 0.00327324  -0.405013 -6.31003e-05  0.000270236  7.61487e-06 -0.0346931 -0.0109706   -3.11483  0.0111418 0.00279793   -9.80899 
              11.322   0.152621  -0.443412 -0.0122445   0.013857 0.00453909  -0.237634   0.0285367   -0.107987 5.39956e-05 -6.07785e-05 -1.93744e-05 -2.11765e-06   0.013495 0.00329475  -0.393464 -6.77285e-05  0.000265371  6.18889e-06 -0.0347134 -0.0109882   -3.12759  0.0110997 0.00279078   -9.80899 
              11.422   0.141562  -0.442081 -0.0132718  0.0139429 0.00455898  -0.236734   0.0289709   -0.108753 5.12101e-05  -6.0298e-05 -2.01957e-05 -1.99934e-06  0.0144147 0.00426796  -0.389393 -6.00858e-05  0.000264891  6.91688e-06 -0.0348101  -0.011034    -3.1392  0.0111322 0.00281077   -9.80899 
              11.522   0.155617  -0.439898 -0.0136313  0.0138714 0.00529811  -0.238221   0.0304252   -0.108904 4.33138e-05 -5.98404e-05  -1.8974e-05  -2.4452e-06  0.0138792 0.00723246  -0.390764 -7.17362e-05  0.000263252  7.15664e-06 -0.0348469 -0.0111744   -3.14992  0.0111174 0.00291637   -9.80899 
              11.622   0.143566  -0.442715 -0.0130635  0.0138995 0.00498077   -0.23657   0.0295996    -0.10951 4.77984e-05 -5.87906e-05 -1.94832e-05 -2.54185e-06   0.014458 0.00521346  -0.383638 -6.24511e-05  0.000265704  6.68923e-06 -0.0349273 -0.0111025   -3.16138  0.0111389 0.00283486   -9.80899 
              11.722   0.158111  -0.435343 -0.0130586  0.0137507 0.00504414  -0.235964    0.029741    -0.10959 4.79957e-05 -5.86296e-05 -1.80093e-05 -2.44973e-06  0.0139101 0.00508945  -0.379382 -7.34574e-05  0.000260213  6.66682e-06 -0.0349576 -0.0111201   -3.17227  0.0111205 0.00283362   -9.80899 
              11.822   0.147656  -0.436877 -0.0134922  0.0143581 0.00452538  -0.235199   0.0288927    -0.11101 5.36069e-05 -5.79592e-05 -1.82459e-05 -2.52175e-06   0.016515 0.00287471  -0.374513 -6.53184e-05  0.000262257  6.93788e-06 -0.0351098 -0.0110469   -3.18299  0.0112102 0.00275337   -9.80899 
              11.922   0.144735  -0.434684 -0.0121468   0.014218 0.00419622  -0.233822   0.0287028   -0.110756 5.41385e-05 -5.74222e-05 -1.85996e-05 -2.46127e-06  0.0151507 0.00223962  -0.368627 -6.32311e-05  0.000260322  5.92041e-06 -0.035109 -0.011034   -3.1936  0.0111683 0.00272652   -9.80899 
              12.022  0.143515 -0.434479 -0.013075  0.0139229 0.00451121  -0.233409   0.0296271   -0.110392 4.78655e-05 -5.68314e-05 -1.86822e-05 -2.50337e-06  0.0134531 0.00433014  -0.365414 -6.31781e-05  0.000259731  6.57089e-06  -0.035097 -0.0111217   -3.20369  0.0111203 0.00278807   -9.80899 
              12.122    0.14354  -0.433926 -0.0140192 0.0141403 0.0045107  -0.23271   0.0297355    -0.11112 4.73376e-05 -5.62266e-05 -1.85171e-05 -2.53364e-06   0.01446 0.0044341 -0.361386 -6.34383e-05  0.000259674   7.2279e-06 -0.0351827 -0.0111353   -3.21366  0.0111584 0.00278577   -9.80899 
              12.222  0.135941 -0.437673 -0.012966  0.0139097 0.00448915  -0.234207   0.0296995   -0.110788 4.69345e-05 -5.52682e-05 -1.90085e-05 -2.53941e-06  0.0126811 0.00431066  -0.362531 -5.80158e-05  0.000261908  6.41802e-06 -0.0351722 -0.0111356   -3.22288  0.0111169 0.00277404   -9.80899 
              12.322   0.156827  -0.434479 -0.0133172  0.0131635 0.00469788  -0.233442   0.0301398    -0.11004 4.46545e-05 -5.48078e-05 -1.69851e-05 -2.71612e-06  0.0100147 0.00492051  -0.357536 -7.3698e-05 0.000258823  6.6508e-06 -0.0351258 -0.0111783   -3.23256  0.0110437 0.00279937   -9.80899 
              12.422   0.142126   -0.43645 -0.0128117 0.0137063 0.0043744 -0.233425   0.0295832   -0.111714 4.90389e-05 -5.41541e-05 -1.73483e-05 -2.61913e-06  0.0133681 0.00342494  -0.354147 -6.27194e-05   0.00026123   6.2371e-06 -0.0352925 -0.0111325   -3.24188  0.0111548 0.00274913   -9.80899 
              12.522   0.148701  -0.430611 -0.0126157  0.0136872 0.00442361  -0.230142   0.0299013   -0.112117 4.76004e-05 -5.41728e-05 -1.67562e-05 -2.44009e-06   0.013758 0.00395297  -0.343379 -6.78775e-05  0.000257096  6.07493e-06 -0.0353482 -0.0111639   -3.25178   0.011169 0.00276481   -9.80899 
              12.622   0.141996  -0.429584 -0.0125885  0.0137497 0.00450419  -0.229913   0.0300996   -0.112355 4.62824e-05 -5.40439e-05 -1.70398e-05  -2.3922e-06  0.0135729 0.00430985  -0.341093 -6.32664e-05  0.000256251  6.02336e-06 -0.0353872 -0.0111844   -3.26061  0.0111725 0.00277228   -9.80899 
              12.722   0.139474  -0.431914 -0.0131412  0.0139082 0.00436067  -0.230333   0.0298972   -0.112713 4.73766e-05 -5.35213e-05  -1.7302e-05 -2.56142e-06  0.0136183 0.00363486  -0.340044 -6.13999e-05  0.000257897  6.38763e-06 -0.0354358 -0.0111699   -3.26914  0.0111856 0.00275021   -9.80899 
              12.822   0.139462  -0.426723 -0.0133633   0.013605 0.00423631  -0.228072   0.0298559    -0.11246 4.72064e-05 -5.34681e-05 -1.73268e-05 -2.46095e-06  0.0122989 0.00339895  -0.332551 -6.14917e-05  0.000253715  6.52633e-06 -0.0354327 -0.0111696   -3.27816  0.0111538 0.00274011   -9.80899 
              12.922   0.138319  -0.420325 -0.0135179  0.0132678 0.00437162   -0.22511   0.0302399   -0.112351 4.47478e-05 -5.37519e-05 -1.72965e-05 -2.33821e-06  0.0114569 0.00431295  -0.324312 -6.10714e-05  0.000248783  6.61652e-06 -0.0354417 -0.0112056   -3.28709  0.0111333 0.00276143   -9.80899 
              13.022   0.134884  -0.419346 -0.0132885  0.0136233 0.00453501  -0.224991    0.030471   -0.113234 4.40608e-05 -5.36255e-05 -1.74246e-05 -2.44936e-06  0.0131025 0.00485051  -0.323422 -5.88629e-05  0.000248406   6.4196e-06 -0.0355333  -0.011228   -3.29511  0.0111863 0.00277251   -9.80899 
              13.122  0.134641 -0.422499 -0.011291  0.0125231 0.00387207  -0.226013   0.0293464   -0.111561 4.94749e-05 -5.29758e-05 -1.73339e-05 -2.46549e-06 0.00781436 0.00173609   -0.32485 -5.79777e-05  0.000249123  4.94902e-06 -0.0354072  -0.011135   -3.30277  0.0110584 0.00268839   -9.80899 
              13.222   0.152954  -0.422525 -0.0129655  0.0129024 0.00462298  -0.227811   0.0308292   -0.112933 4.21792e-05 -5.23824e-05 -1.54725e-05 -2.94935e-06  0.0106894 0.00518676  -0.326726 -7.22207e-05  0.000249771  6.12482e-06 -0.0355373 -0.0112623   -3.31023 0.0111478 0.0027894  -9.80899 
              13.322  0.142517 -0.421239 -0.013842 0.0131252 0.0042291 -0.225954   0.0301351   -0.113801 4.69493e-05 -5.18192e-05 -1.54003e-05 -2.70007e-06  0.0124087 0.00318961  -0.319273 -6.43135e-05  0.000249182  6.71439e-06 -0.0356266 -0.0112063   -3.31846  0.0112012 0.00273695   -9.80899 
              13.422   0.138427  -0.425011 -0.0124577  0.0133411 0.00409435  -0.225279   0.0300902   -0.114298 4.71888e-05 -5.09342e-05 -1.58034e-05 -2.69132e-06  0.0129851 0.00293036  -0.315488 -6.14354e-05  0.000251893  5.68611e-06 -0.0356833 -0.0112048   -3.32619  0.0112297 0.00272996   -9.80899 
              13.522   0.133054  -0.421534 -0.0127451  0.0133115 0.00425871  -0.224228   0.0305003   -0.114328 4.41368e-05 -5.05972e-05 -1.63766e-05 -2.48669e-06  0.0123878 0.00401732  -0.311043 -5.79701e-05  0.000249086   5.8711e-06 -0.0357007 -0.0112414   -3.33384  0.0112263 0.00275431   -9.80899 
              13.622  0.132333 -0.423652 -0.013178  0.0133036 0.00434512  -0.224686  0.0306138   -0.11437 4.2959e-05 -5.00913e-05  -1.6598e-05 -2.57616e-06  0.0116848 0.00424352  -0.310389 -5.76023e-05  0.000250241  6.14963e-06 -0.0357181  -0.011253     -3.341  0.0112242 0.00275842   -9.80899 
              13.722   0.133225  -0.418816 -0.0127609  0.0132973 0.00415007  -0.223778   0.0303204   -0.114565 4.51301e-05 -5.00689e-05 -1.64933e-05 -2.46136e-06   0.011575 0.00334336  -0.306159 -5.81078e-05  0.000246577  5.83279e-06 -0.0357487 -0.0112309   -3.34836  0.0112326 0.00273527   -9.80899 
              13.822   0.123174  -0.418042 -0.0126017  0.0129858 0.00392921  -0.221942   0.0300934   -0.114359 4.59977e-05 -4.99423e-05 -1.71207e-05 -2.42072e-06    0.01035 0.00285769  -0.300248 -5.0898e-05 0.000245534 5.69236e-06 -0.0357464 -0.0112141   -3.35576  0.0112139 0.00271751   -9.80899 
              13.922   0.156157  -0.410063 -0.0111978  0.0127975 0.00439255  -0.221304   0.0309482   -0.114421 4.21012e-05  -5.0313e-05 -1.45368e-05 -2.94384e-06 0.00998875 0.00460845  -0.297674 -7.49447e-05  0.000239545  4.68862e-06  -0.035765 -0.0112858   -3.36272  0.0112139 0.00277334   -9.80899 
              14.022   0.158063  -0.411738 -0.0130831  0.0128464 0.00495106  -0.222399   0.0316244   -0.114783 3.87307e-05 -5.01559e-05 -1.31009e-05 -3.00944e-06  0.0103313 0.00600152  -0.298902 -7.67278e-05  0.000240592  5.98468e-06 -0.0358069 -0.0113424   -3.36921  0.0112346 0.00281727   -9.80899 
              14.122  0.135134 -0.417315 -0.012986  0.0134868 0.00422873  -0.223462    0.030306   -0.115932 4.71228e-05  -4.9344e-05 -1.43733e-05 -3.50636e-06  0.0128391 0.00220697  -0.299094 -5.95829e-05  0.000244936  5.86737e-06 -0.0359127 -0.0112369   -3.37569  0.0113074 0.00272824   -9.80899 
              14.222   0.149317  -0.409455 -0.0118935  0.0126599 0.00413411  -0.220924   0.0304452   -0.114832 4.54489e-05 -4.92858e-05 -1.39816e-05 -3.47945e-06 0.00923747 0.00216674  -0.290772 -6.97364e-05  0.000238259   5.0877e-06 -0.0358373 -0.0112505   -3.38282  0.0112338 0.00273442   -9.80899 
              14.322   0.137349  -0.412673 -0.0116612  0.0128674 0.00382724  -0.221213   0.0302227   -0.115521 4.65335e-05  -4.8779e-05 -1.48062e-05 -3.54734e-06  0.0105517 0.00134869  -0.289839 -6.11456e-05  0.000240607   4.8905e-06 -0.0359048 -0.0112348   -3.38917  0.0112773 0.00271622   -9.80899 
              14.422   0.134702  -0.409485 -0.0123836 0.0127053 0.0038914 -0.218425   0.0306597   -0.115646 4.32352e-05 -4.85406e-05 -1.54614e-05 -3.49147e-06  0.0104369 0.00248259   -0.28168 -5.96286e-05  0.000238093  5.38264e-06 -0.0359275 -0.0112725   -3.39606 0.0112848 0.0027398  -9.80899 
              14.522   0.132499  -0.411918 -0.0122511  0.0133236 0.00405143  -0.219476   0.0310305   -0.116629 4.14123e-05 -4.80401e-05 -1.58367e-05 -3.65633e-06  0.0126058 0.00340387  -0.283306 -5.8353e-05 0.000240052 5.26252e-06  -0.036017 -0.0113044   -3.40198  0.0113477 0.00275943   -9.80899 
              14.622    0.12944  -0.410554 -0.0128513  0.0127501 0.00408197  -0.218921   0.0310964   -0.115743 4.01949e-05 -4.76908e-05 -1.61306e-05 -3.62261e-06 0.00936265  0.0035267  -0.280652 -5.62781e-05  0.000238054  5.66268e-06 -0.0359576 -0.0113118   -3.40817  0.0112921 0.00276026   -9.80899 
              14.722  0.132593 -0.407484 -0.012183  0.0125745 0.00396915  -0.217979   0.0309747   -0.115844 4.13171e-05 -4.75637e-05 -1.58591e-05 -3.56616e-06 0.00910458 0.00301809  -0.277092 -5.84341e-05  0.000235562  5.17531e-06 -0.0359769 -0.0113041   -3.41434  0.0112993 0.00274989   -9.80899 
              14.822   0.143483   -0.40577 -0.0113696  0.0118305 0.00426585  -0.217901   0.0314437   -0.115161 3.84552e-05 -4.74432e-05 -1.47276e-05 -3.69536e-06 0.00647101 0.00403889  -0.275836 -6.63782e-05  0.000233457  4.58618e-06 -0.0359335  -0.011343   -3.42022   0.011258 0.00277788   -9.80899 
              14.922   0.133311  -0.404205 -0.0131067  0.0125737 0.00414969   -0.21726   0.0312381   -0.116849 4.10611e-05 -4.73216e-05 -1.47421e-05 -3.59522e-06  0.0110392 0.00332728  -0.272786 -5.91183e-05  0.000233134  5.77179e-06 -0.0360773 -0.0113282   -3.42615  0.0113642 0.00276369   -9.80899 
              15.022  0.128598 -0.409519 -0.013051  0.0129455 0.00364282  -0.218749  0.0305739  -0.117301 4.5232e-05 -4.66956e-05  -1.5036e-05 -3.79904e-06  0.0116713 0.00121578  -0.274855 -5.53662e-05  0.000236688  5.69653e-06 -0.0361225 -0.0112772   -3.43156  0.0113938 0.00272183   -9.80899 
              15.122   0.127346  -0.409774 -0.0126319  0.0130673 0.00392335  -0.218725   0.0312215   -0.117419 4.07501e-05 -4.61683e-05 -1.51822e-05 -3.78614e-06  0.0113971 0.00312661  -0.272583 -5.49631e-05    0.0002365  5.38182e-06 -0.0361418 -0.0113294   -3.43725  0.0114036 0.00276092   -9.80899 
              15.222   0.133577  -0.412468 -0.0129436 0.0130161 0.0042309 -0.219818   0.0316462   -0.117299 3.78475e-05 -4.56163e-05 -1.46677e-05 -3.89078e-06   0.010278 0.00420999  -0.272921 -5.95844e-05  0.000237814  5.57119e-06 -0.0361418 -0.0113639   -3.44263  0.0113989 0.00278679   -9.80899 
              15.322   0.130804  -0.407433 -0.0105692    0.01228 0.00372155  -0.217323   0.0309191   -0.116565 4.19662e-05 -4.55963e-05 -1.45066e-05 -3.72237e-06 0.00751814  0.0019127  -0.264793 -5.71836e-05  0.000233389  3.90605e-06 -0.0360953 -0.0113081   -3.44863  0.0113575 0.00274363   -9.80899 
              15.422   0.143657  -0.400665 -0.0116716 0.0121351 0.0041062 -0.215616   0.0316312   -0.116907 3.83512e-05 -4.60249e-05 -1.33081e-05 -3.73468e-06 0.00815823 0.00375013  -0.259606 -6.65708e-05  0.000228514  4.66061e-06  -0.036132 -0.0113646    -3.4543  0.0113806 0.00278713   -9.80899 
              15.522   0.126432  -0.404348 -0.0123274  0.0128798 0.00382591  -0.216411   0.0311995   -0.118171 4.16948e-05 -4.57992e-05 -1.39473e-05 -3.97463e-06  0.0114624 0.00241758  -0.260544 -5.4316e-05 0.000231473 5.07938e-06 -0.0362392 -0.0113319   -3.45938  0.0114579 0.00276184   -9.80899 
              15.622    0.12742  -0.398822 -0.0113647  0.0123951 0.00380551  -0.213374   0.0313092   -0.117577 4.03427e-05 -4.59052e-05 -1.42343e-05 -3.96204e-06 0.00922351 0.00271542  -0.252311 -5.50992e-05   0.00022683  4.40228e-06 -0.0362033 -0.0113414   -3.46513   0.011426 0.00276898   -9.80899 
              15.722   0.139079  -0.397059 -0.0113863   0.012581 0.00414698  -0.214993 0.0317872 -0.117889 3.775e-05 -4.58843e-05 -1.35298e-05 -4.19543e-06 0.00963986 0.00383507  -0.255795 -6.34372e-05  0.000225345  4.40009e-06 -0.0362356 -0.0113793   -3.46985  0.0114473 0.00279757   -9.80899 
              15.822   0.128767  -0.399025 -0.0126511  0.0122706 0.00386818  -0.213512   0.0313639   -0.117664 3.99509e-05  -4.5506e-05  -1.3824e-05 -4.23133e-06 0.00842501 0.00244991  -0.251145 -5.60129e-05  0.000226113  5.24193e-06 -0.0362274 -0.0113475   -3.47516  0.0114383 0.00277368   -9.80899 
              15.922  0.131019 -0.393948 -0.012576 0.0124412 0.0041887 -0.211298   0.0318756    -0.11821 3.70273e-05 -4.54489e-05 -1.37979e-05 -4.11265e-06 0.00982658 0.00395431  -0.245288 -5.79102e-05   0.00022257   5.1755e-06 -0.0362783 -0.0113879   -3.48047  0.0114747 0.00280386   -9.80899 
              16.022     0.1286  -0.390145 -0.0113334  0.0116966 0.00359026  -0.209799    0.031041   -0.117354 4.15626e-05 -4.54581e-05 -1.39101e-05 -4.08507e-06 0.00670208 0.00117192  -0.242095 -5.56636e-05  0.000218926  4.30338e-06  -0.036221 -0.0113246   -3.48551  0.0114308 0.00275676   -9.80899 
              16.122  0.136876  -0.39385 -0.012686 0.0122778  0.004177 -0.213553   0.0319564    -0.11833 3.66875e-05 -4.50722e-05 -1.33727e-05 -4.47566e-06 0.00921556 0.00374835  -0.250831 -6.19016e-05  0.000221626   5.2051e-06  -0.036302 -0.0113955   -3.48954  0.0114914 0.00280954   -9.80899 
              16.222   0.138527  -0.396451 -0.0127989  0.0120914 0.00431069  -0.213834   0.0320339   -0.118211 3.60795e-05 -4.44438e-05 -1.29604e-05 -4.49786e-06 0.00831517 0.00369976  -0.249569 -6.30347e-05  0.000222864  5.25251e-06 -0.0363003 -0.0114023   -3.49429  0.0114912 0.00281489   -9.80899 
              16.322   0.129582  -0.397843 -0.0128178  0.0120826 0.00402026  -0.212526   0.0316116   -0.118485 3.86629e-05 -4.38338e-05 -1.34048e-05 -4.40632e-06 0.0087575  0.002233 -0.244461 -5.65909e-05  0.000223558  5.23694e-06 -0.0363289  -0.011371   -3.49926   0.011514 0.00279172   -9.80899 
              16.422   0.120035  -0.397476 -0.0126723  0.0122775 0.00385982   -0.21136   0.0315185   -0.118913 3.90797e-05 -4.34343e-05  -1.4259e-05  -4.2585e-06 0.00970644 0.00199577  -0.240363 -4.99905e-05  0.000223141  5.11601e-06 -0.0363688 -0.0113649   -3.50409  0.0115454 0.00278683   -9.80899 
              16.522   0.122479  -0.398011 -0.0137131  0.0123378 0.00400229  -0.212775   0.0317906    -0.11893 3.72119e-05 -4.31504e-05 -1.43671e-05 -4.33309e-06 0.00916223   0.002805   -0.24266 -5.18157e-05  0.000223015  5.80544e-06 -0.0363766 -0.0113864   -3.50837   0.011553 0.00280254   -9.80899 
              16.622    0.12479  -0.393973 -0.0123318  0.0126385 0.00374311  -0.210967   0.0315413   -0.119442 3.93036e-05 -4.31802e-05 -1.41761e-05 -4.23038e-06  0.0105093 0.00191656  -0.236809 -5.32213e-05   0.00022016  4.84694e-06 -0.0364228 -0.0113682    -3.5132  0.0115886 0.00278993   -9.80899 
              16.722   0.118705  -0.397448 -0.0121595  0.0123645 0.00361903  -0.211789  0.0314892  -0.118977 3.9156e-05 -4.29111e-05  -1.4301e-05 -4.25671e-06 0.00833806 0.00178499  -0.237824 -4.90183e-05   0.00022171  4.70293e-06 -0.0363942 -0.0113647   -3.51745  0.0115696 0.00278896   -9.80899 
              16.822   0.120702  -0.387958 -0.0116681  0.0120027 0.00356621  -0.208496   0.0316003   -0.118813 3.84142e-05 -4.33432e-05  -1.4052e-05 -4.10471e-06 0.00757698 0.00220877  -0.228913 -5.04622e-05  0.000214717  4.36328e-06 -0.0363894 -0.0113734   -3.52238  0.0115681 0.00279786   -9.80899 
              16.922   0.118476  -0.390882 -0.0117954   0.011891 0.00372513  -0.209082   0.0318411   -0.118865 3.68501e-05 -4.32379e-05 -1.39247e-05 -4.22801e-06 0.00722271 0.00305364   -0.23026 -4.9088e-05 0.000216252  4.4252e-06 -0.0363996 -0.0113917   -3.52648 0.0115772 0.0028139  -9.80899 
              17.022   0.134724  -0.395283 -0.0133432  0.0117318 0.00436714  -0.211868   0.0325337   -0.118833 3.26363e-05  -4.2851e-05 -1.28356e-05 -4.59192e-06 0.00642313  0.0050299  -0.235901 -6.05077e-05  0.000218691  5.44735e-06 -0.0364028 -0.0114439   -3.53022  0.0115816 0.00285448   -9.80899 
              17.122   0.142835  -0.394115 -0.0125213  0.0121603 0.00445955  -0.213232   0.0324012    -0.11964 3.47845e-05 -4.25767e-05 -1.18001e-05 -4.47826e-06 0.00865209 0.00414495  -0.236653 -6.58345e-05  0.000217945  4.86537e-06 -0.0364696 -0.0114337   -3.53426  0.0116313 0.00285101   -9.80899 
              17.222   0.129207  -0.395582 -0.0122152  0.0118596 0.00368462  -0.210335   0.0313895   -0.119496 4.09235e-05 -4.22108e-05 -1.22294e-05 -4.54557e-06  0.00774654 0.000638192   -0.227427 -5.58883e-05  0.000218395  4.62736e-06 -0.0364661 -0.0113573   -3.53897  0.0116317 0.00280103   -9.80899 
              17.322   0.121583  -0.390615 -0.0139717  0.0128913 0.00362531  -0.209678   0.0315807   -0.120891 4.01869e-05 -4.23034e-05 -1.29215e-05 -4.21522e-06  0.0121975 0.00131261   -0.22463 -5.08237e-05  0.000215506  5.79846e-06 -0.0365773  -0.011372   -3.54316  0.0117124 0.00281333   -9.80899 
              17.422    0.12044  -0.396312 -0.0133881  0.0122062 0.00388303  -0.210509   0.0320004   -0.119727 3.62655e-05 -4.19118e-05 -1.33667e-05 -4.29268e-06 0.00747479 0.00272872  -0.225776 -5.0298e-05  0.00021805  5.3753e-06 -0.0364957 -0.0114039   -3.54701  0.0116581 0.00283754   -9.80899 
              17.522   0.122003  -0.391114 -0.0126172  0.0124345 0.00365295  -0.208597    0.031777   -0.120254 3.78556e-05 -4.19486e-05 -1.34873e-05 -4.18975e-06 0.00895364 0.00191068  -0.220006 -5.11831e-05  0.000214433  4.84274e-06 -0.0365417 -0.0113875    -3.5513   0.011693 0.00282786   -9.80899 
              17.622   0.120527  -0.389252 -0.0124909   0.01153 0.0035595 -0.207019   0.0317643   -0.119275 3.71962e-05 -4.19947e-05 -1.35353e-05  -4.1947e-06 0.00507116 0.00186387  -0.216025 -5.01528e-05  0.000212045  4.73967e-06 -0.0364746 -0.0113868   -3.55541  0.0116495 0.00282977   -9.80899 
              17.722   0.110414  -0.389713 -0.0131604  0.0119829 0.00353804  -0.208136   0.0318074   -0.120175 3.74639e-05 -4.18944e-05  -1.3993e-05 -4.21271e-06 0.00771167 0.00218622  -0.218364 -4.33504e-05  0.000212452  5.16735e-06 -0.0365474 -0.0113901   -3.55902  0.0117022 0.00283424   -9.80899 
              17.822   0.116908  -0.388293 -0.0121102 0.0117447 0.0035173  -0.20788  0.0318334  -0.120042 3.7289e-05 -4.17985e-05 -1.37315e-05 -4.28221e-06 0.00677466 0.00227334  -0.216908 -4.77127e-05  0.000210918  4.44557e-06 -0.0365431  -0.011392   -3.56286  0.0117024 0.00283878   -9.80899 
              17.922   0.115887  -0.388411 -0.0131411  0.0123857 0.00390714    -0.2079   0.0323002      -0.121 3.50028e-05 -4.16415e-05   -1.346e-05  -4.3236e-06 0.00974368 0.00401464  -0.215903 -4.73077e-05  0.000211151  5.11556e-06 -0.0366202 -0.0114266   -3.56661  0.0117583 0.00286623   -9.80899 
              18.022   0.110346  -0.388895 -0.0132561  0.0122761 0.00361781  -0.207721   0.0318049   -0.120769 3.80065e-05 -4.14033e-05 -1.35289e-05 -4.31646e-06 0.00842382 0.00241332  -0.214531 -4.32432e-05  0.000210826  5.16855e-06 -0.0366085 -0.0113891   -3.57034  0.011754 0.0028457  -9.80899 
              18.122   0.115669  -0.387008 -0.0142903  0.0124316 0.00405197  -0.206747   0.0322955    -0.12101 3.49989e-05 -4.12866e-05 -1.30881e-05 -4.34585e-06 0.00890191 0.00424097  -0.211298 -4.71082e-05  0.000209245  5.84044e-06 -0.0366319  -0.011425   -3.57415   0.011774 0.00287552   -9.80899 
              18.222    0.11744   -0.38416 -0.0119912  0.0111546 0.00333248  -0.204853   0.0313315    -0.11961 4.02427e-05   -4.129e-05 -1.26467e-05 -4.30203e-06   0.0034456 0.000776385   -0.206643 -4.76306e-05   0.00020593  4.28445e-06 -0.0365331 -0.0113521   -3.57802  0.0117123 0.00283343   -9.80899 
              18.322  0.113386 -0.382604 -0.012334  0.0112485 0.00325474  -0.204709  0.0314268  -0.120258 4.0102e-05 -4.12556e-05 -1.25914e-05 -4.25217e-06 0.00542037 0.00124123  -0.206291 -4.49547e-05   0.00020484  4.49429e-06 -0.0365864 -0.0113583   -3.58154  0.0117522 0.00284358   -9.80899 
              18.422   0.111794  -0.375982 -0.0130794  0.0118401 0.00348503  -0.201764   0.0318297   -0.121329 3.80925e-05 -4.15188e-05 -1.25559e-05 -4.07508e-06 0.00923853 0.00291609    -0.1993 -4.41496e-05  0.000200704   4.9786e-06 -0.0366715 -0.0113873   -3.58547  0.011814 0.0028696  -9.80899 
              18.522   0.106634  -0.387602 -0.0138839  0.0126225 0.00351439  -0.204649  0.0317628  -0.121956 3.8634e-05 -4.09147e-05 -1.27367e-05 -4.44682e-06  0.0108558 0.00282668  -0.206714 -4.06248e-05  0.000208322  5.47648e-06 -0.0367221 -0.0113815   -3.58837  0.0118518 0.00287099   -9.80899 
              18.622   0.112016  -0.387395 -0.0138005  0.0120222 0.00375033  -0.206139   0.0319311   -0.120971 3.67372e-05 -4.04721e-05 -1.25084e-05  -4.4556e-06  0.0066362 0.00349943   -0.20926 -4.42818e-05  0.000207004  5.40039e-06 -0.0366529  -0.011393   -3.59158  0.0118121 0.00288493   -9.80899 
              18.722   0.115854  -0.389361 -0.0132472  0.0121197 0.00368684  -0.207492    0.031742   -0.121209 3.82754e-05 -4.00672e-05 -1.21374e-05 -4.38832e-06 0.00695375 0.00279893  -0.210504 -4.66651e-05   0.00020795  5.00791e-06 -0.0366748 -0.0113778   -3.59483 0.0118321 0.0028816  -9.80899 
              18.822   0.118138  -0.389429 -0.0112063 0.0117964  0.003573 -0.207232   0.0315818   -0.121024 3.92853e-05 -3.97952e-05 -1.17894e-05 -4.29709e-06 0.00576733 0.00221165  -0.207613 -4.80434e-05  0.000207372  3.63444e-06 -0.0366656 -0.0113646   -3.59831  0.0118324 0.00288039   -9.80899 
              18.922   0.131271  -0.389929 -0.0128263  0.0119512 0.00400351  -0.208561   0.0320528   -0.121427 3.67938e-05 -3.96632e-05 -1.08682e-05 -4.37465e-06 0.00672313 0.00368277  -0.208566 -5.69764e-05  0.000207456  4.68791e-06 -0.0366999 -0.0113987    -3.6015  0.0118598 0.00290874   -9.80899 
              19.022   0.135845  -0.385124 -0.0115941  0.0119446 0.00412181  -0.207496   0.0320694   -0.121622 3.70252e-05  -3.9838e-05  -1.0256e-05 -4.21795e-06 0.00710997 0.00344963  -0.203576 -5.99382e-05  0.000203922  3.85741e-06 -0.0367193 -0.0113989   -3.60505  0.0118778 0.00291546   -9.80899 
              19.122   0.119378   -0.38701 -0.0127596  0.0118112 0.00355569  -0.205806   0.0313804    -0.12165 4.11212e-05 -3.97761e-05 -1.10646e-05 -4.38887e-06  0.00678233 0.000904864   -0.197983 -4.85287e-05  0.000204712  4.60139e-06 -0.0367264 -0.0113468   -3.60859  0.0118875 0.00288762   -9.80899 
              19.222   0.129493  -0.385468 -0.0128685 0.0121879 0.0039488 -0.207443   0.0319437   -0.122115 3.75533e-05 -3.97847e-05 -1.10198e-05 -4.57051e-06 0.00802473 0.00273707  -0.200763 -5.54992e-05  0.000203478  4.65814e-06 -0.0367651 -0.0113885   -3.61155  0.0119164 0.00291723   -9.80899 
              19.322    0.11899  -0.390793 -0.0118768  0.0126641 0.00376897  -0.206905    0.031731   -0.122635 3.88594e-05 -3.94266e-05 -1.17229e-05 -4.72986e-06 0.00946264 0.00192883  -0.197778 -4.83724e-05  0.000206833  3.97674e-06 -0.0368084 -0.0113725   -3.61484  0.0119484 0.00290998   -9.80899 
              19.422   0.121677  -0.384265 -0.0111706  0.011818 0.0034957 -0.203986    0.031518   -0.121685 3.96004e-05 -3.95663e-05 -1.19723e-05 -4.71695e-06 0.00546271 0.00102373   -0.19004  -4.996e-05 0.000201431 3.50647e-06 -0.0367428 -0.0113566   -3.61841  0.0119126 0.00290277   -9.80899 
              19.522   0.119837  -0.380626 -0.0118844 0.0120977 0.0037146 -0.202567   0.0318861   -0.122253 3.75189e-05 -3.97839e-05  -1.2133e-05 -4.65501e-06 0.00731855 0.00240822  -0.186871 -4.89329e-05  0.000198929  3.96542e-06 -0.0367896 -0.0113841   -3.62164  0.0119464 0.00292194   -9.80899 
              19.622   0.129189  -0.379706 -0.0115493  0.0125404 0.00419397  -0.205367   0.0323423   -0.122636 3.49562e-05 -3.98176e-05 -1.17704e-05 -4.84231e-06 0.00827237 0.00383198  -0.193669 -5.52868e-05  0.000198044  3.73081e-06 -0.0368217 -0.0114182   -3.62419  0.0119701 0.00294471   -9.80899 
              19.722   0.127544   -0.38593 -0.0129645  0.0125743 0.00409529  -0.206523   0.0320834   -0.122582 3.66619e-05 -3.94211e-05 -1.16177e-05 -4.95204e-06 0.00746402 0.00258693  -0.195093 -5.39396e-05  0.000201584  4.63065e-06 -0.0368216 -0.0113989   -3.62707  0.0119748 0.00293498   -9.80899 
              19.822   0.117604  -0.393841 -0.0140124  0.0127232 0.00423354   -0.20763   0.0321749    -0.12275 3.58226e-05 -3.87341e-05 -1.20481e-05 -4.95737e-06 0.00740898 0.00293157  -0.195728 -4.74009e-05  0.000206358  5.28582e-06 -0.0368381 -0.0114057   -3.62995  0.0119899 0.00294113   -9.80899 
              19.922   0.120069  -0.389391 -0.0126749  0.0124746 0.00363316  -0.206248    0.031541   -0.122571 4.00402e-05 -3.85559e-05 -1.21525e-05 -4.78018e-06  0.00623639 0.000320218   -0.190465 -4.85523e-05  0.000202824  4.39729e-06 -0.0368292 -0.0113585   -3.63318  0.0119904 0.00291467   -9.80899 
              20.022    0.11133  -0.390053 -0.0124937  0.0121039 0.00356106  -0.205327   0.0316599   -0.122368 3.88745e-05 -3.84158e-05 -1.25831e-05 -4.69645e-06  0.00487314 0.000907831   -0.187179 -4.28642e-05  0.000202619  4.26063e-06 -0.0368184 -0.0113674   -3.63625  0.0119891 0.00292237   -9.80899 
              20.122  0.113162 -0.385762 -0.013321   0.012495 0.00386841   -0.20434   0.0321062   -0.123066 3.63048e-05 -3.85846e-05 -1.25417e-05 -4.65601e-06 0.00722268  0.0027232  -0.184077 -4.43082e-05  0.000199774  4.79056e-06 -0.0368748 -0.0114007   -3.63927 0.0120277 0.0029449  -9.80899 
              20.222   0.137956  -0.379595 -0.0104077  0.0112963 0.00386629  -0.203675   0.0320713   -0.121902 3.61826e-05 -3.89246e-05 -1.11927e-05 -4.80686e-06 0.00212618 0.00204226   -0.18239 -6.0404e-05 0.000194481 2.88153e-06  -0.036792 -0.0113978   -3.64218  0.0119829 0.00294671   -9.80899 
              20.322   0.111208  -0.384326 -0.0112128  0.0116057 0.00321432  -0.203677   0.0314356   -0.122727 4.09526e-05 -3.87776e-05  -1.1822e-05 -5.17071e-06   0.0049032 -0.00032074   -0.181991 -4.24588e-05  0.000197609  3.37976e-06 -0.0368578 -0.0113499   -3.64497  0.0120259 0.00292168   -9.80899 
              20.422   0.122596  -0.380482 -0.0123536  0.0128628 0.00374809   -0.20197   0.0322189   -0.123695 3.62434e-05 -3.88552e-05 -1.14506e-05 -5.29412e-06  0.0954807 0.00420035  -0.176938 -5.03318e-05  0.000195259    4.115e-06 -0.0369344 -0.0114082   -3.64798  0.0120758 0.00295935   -9.80899 
              20.522   0.141292  -0.374515 0.00348547  0.0252173 0.00485662  -0.204665    0.0330022    -0.123346 -4.78382e-07  -3.8767e-05 -1.06881e-05 -5.59365e-06  0.170263 0.0085576 -0.182982 -6.29609e-05  0.000190597  1.14079e-05 -0.0369196 -0.0114668   -3.65028  0.0120727 0.00299639   -9.80899 
              20.622  0.076267 -0.352912  0.586166  0.0476271 0.00459974  -0.198481   0.0320923   -0.126848 0.000249449 -4.31672e-05 -8.16163e-05 -3.53444e-06   0.225121 0.00725573  -0.167094 -2.26009e-05  0.000177577 -4.29983e-06 -0.0374921 -0.0114011   -3.65393  0.0124647 0.00296531   -9.80899 
              20.722 0.0759445 -0.363137   1.83441  0.0786852 0.00955158  -0.196605   0.0359726   -0.131788 -0.00289118  3.30508e-05 -0.000243295  -7.9399e-06  0.276214 0.0257368 -0.163429 -3.00878e-05  0.000185927 -1.52317e-05 -0.0382986 -0.0116792   -3.65679   0.012981 0.00319012   -9.80899 
              20.822 0.0228852 -0.370009   3.66585  0.108463 0.0143536 -0.205037 0.0378321 -0.132834  -0.00412  7.44128e-05 -0.000305571 -7.96592e-06   0.28644 0.0361048 -0.184491   -4.499e-06  0.000189076 -1.08328e-05 -0.038636 -0.011799  -3.65814  0.0131621 0.00334421   -9.80899 
              20.922 0.00106772   -0.36913    5.92066  0.138716 0.0191188  -0.19665  0.0383919  -0.130461 -0.0043148  8.91608e-05 -0.000352773 -8.26272e-06  0.343126 0.0504547 -0.162575 -3.88767e-07  0.000186177 -4.04926e-06  -0.039175 -0.0117945   -3.66203   0.013517 0.00355576   -9.80899 
              21.022 0.0142259  -0.30318   8.37823  0.187179 0.0173905  -0.18327   0.0276543   -0.138671 -0.00329422 -4.85315e-05 -0.000480605  1.54357e-05  0.410482 0.0280568 -0.132591 -1.22899e-05  0.000148761 -1.43172e-05 -0.0402508 -0.0104872   -3.66639  0.0149625 0.00465512   -9.80899 
              21.122 -0.0659615  -0.319892    10.8207  0.234594 0.0246492 -0.192132   0.0287761   -0.144954 -0.00395553 -5.80127e-05 -0.000506724  1.40606e-05  0.476824 0.0576723 -0.159954  3.03301e-05   0.00016312 -8.94556e-06 -0.0410394 -0.0102681   -3.66727  0.0147675 0.00563484   -9.80899 
              21.222 -0.0406841  -0.314966    13.2027  0.288855   0.03631 -0.193766   0.0300891   -0.150902 -0.00484846 -8.71022e-05 -0.000501095  8.16153e-06  0.523927  0.088386 -0.164483 4.43913e-06 0.000165241 2.14971e-06  -0.0421345 -0.00995842     -3.6695  0.0142442 0.00695918   -9.80899 
              21.322 -0.117808 -0.308168   15.7861  0.336879 0.0448684 -0.190881   0.0322127   -0.144474 -0.00501634 -7.49401e-05 -0.000493412  8.94946e-06  0.516844 0.0935396  -0.15899 4.35566e-05 0.000157887  -1.516e-05 -0.0420726 -0.0104072    -3.6723 0.0143005 0.0062128  -9.80899 
              21.422 -0.137392 -0.295333   18.9011   0.38734 0.0513817 -0.184629   0.0299634   -0.138324 -0.00427107 -9.39211e-05 -0.000473227  9.29201e-06  0.518778 0.0879163 -0.146268  4.67122e-05  0.000149765 -2.33288e-05 -0.0417841 -0.0102955   -3.67551  0.0152251 0.00598583   -9.80899 
              21.522 -0.119234 -0.280219   21.9127  0.433843 0.0594052  -0.17881    0.033551   -0.130579 -0.00425499 -7.24488e-05 -0.000446193  8.87719e-06  0.501599  0.105454 -0.137709   2.266e-05 0.000139511  3.2058e-06 -0.0414615  -0.011122   -3.67844  0.0154782 0.00448212   -9.80899 
              21.622 -0.152358 -0.283879   24.9038  0.493467  0.067462 -0.180284  0.0179532  -0.131451 -0.0033806 -0.000114696 -0.000410315   5.1412e-06  0.545369  0.126904 -0.145571  4.45398e-05  0.000146462 -2.23284e-05 -0.0409464  -0.008636   -3.68038  0.0179463 0.00786071   -9.80898 
              21.722 -0.235453 -0.263576   27.6746  0.548701 0.0865829  -0.18765   0.0191607   -0.139262 -0.00312037 -0.000150557 -0.000412488  1.14391e-05  0.548519  0.177452 -0.165879  8.82319e-05    0.0001432 -2.58484e-05  -0.0424399 -0.00837912    -3.68159  0.0158816 0.00908438   -9.80898 
              21.822 -0.233122 -0.250538   30.2334  0.604699  0.117909 -0.186178   0.0212598   -0.158584 -0.00232879 -0.000252414 -0.000395048  6.56787e-06  0.553929  0.259989 -0.160692 7.76165e-05 0.000153901 -2.7853e-05  -0.0461423 -0.00779117    -3.68425 0.0105503 0.0119218  -9.80899 
              21.922 -0.195618 -0.308811   32.5097  0.662704  0.143119 -0.194204   0.0142113   -0.157298 -0.00132641 -0.000233091 -0.000360986   6.8823e-06  0.558627  0.273391 -0.178675  5.14138e-05  0.000195903 -2.94466e-05  -0.0457293 -0.00675669    -3.68556 0.0117568 0.0134889  -9.80898 
              22.022 -0.184185 -0.293295   34.5231  0.716358   0.18216 -0.192919   0.0182335   -0.176445 -0.00115532 -0.000335101 -0.000336833  6.65864e-06  0.544212  0.338392 -0.171227  3.44377e-05  0.000202296 -1.74179e-05  -0.0496322 -0.00684314    -3.68831 0.00564211  0.0151831   -9.80899 
              22.122 -0.204948  -0.27577   36.3608  0.765556  0.219547 -0.196851     0.02491   -0.179015 -0.00173631 -0.000359773  -0.00035883  8.00558e-06  0.512826  0.377506 -0.177877  3.73415e-05   0.00019605 -1.87905e-05  -0.050605 -0.0081789   -3.69022 0.00368595  0.0136016   -9.80899 
              22.222 -0.170467 -0.307115   37.8988  0.814429  0.251447 -0.196492   0.0237423   -0.163766 -0.00280502   -0.0003073 -0.000391938  1.19737e-05  0.493482  0.376816 -0.172169 1.11824e-05 0.000209259 -1.1842e-05  -0.0480162 -0.00905766    -3.69283 0.00770237  0.0115976   -9.80899 
              22.322 -0.269453 -0.263051   39.2148 0.861277 0.291209 -0.19308  0.0243362   -0.16507 -0.0029733 -0.000319793 -0.000403845  1.45115e-05  0.482838  0.405472 -0.160077  6.95033e-05  0.000184126 -1.19729e-05  -0.0485055 -0.00964218    -3.69577 0.00682573  0.0112217   -9.80899 
              22.422 -0.258874 -0.226265    40.253  0.91213 0.329813 -0.18399   0.0136218   -0.159687 -0.00251916 -0.000289281 -0.000395361  1.74025e-05  0.492461  0.412358 -0.136665  6.64041e-05  0.000159953 -2.53085e-06   -0.047322 -0.00857661    -3.69932 0.00922218  0.0131153   -9.80899 
              22.522 -0.224693 -0.223574   41.1182  0.954227  0.371363 -0.171941    0.023613   -0.158657 -0.00354737 -0.000315151  -0.00042845   1.5107e-05  0.458015    0.4284 -0.112067  3.58132e-05  0.000159719 -1.09439e-05 -0.0477704 -0.0111351    -3.7029  0.0078329 0.00957272   -9.80899 
              22.622 -0.224092 -0.225999   41.7325  0.999864   0.41056 -0.165867   0.0199954   -0.149379 -0.00376499 -0.000289826 -0.000443618  1.60705e-05  0.452529  0.424286 -0.106386  3.60871e-05  0.000156469 -1.20456e-05 -0.0460491 -0.0112405    -3.7054  0.0106986 0.00920612   -9.80899 
              22.722 -0.229786 -0.214545   42.0912   1.04267  0.454698 -0.163316   0.0225141   -0.152594 -0.00383889 -0.000306763 -0.000445546  1.67352e-05  0.441713  0.436952 -0.110033 3.70703e-05 0.000151708 -1.3573e-05 -0.0468372 -0.0118859   -3.70734 0.0092644 0.0086026  -9.80899 
              22.822 -0.200102 -0.223526   42.2864   1.08449  0.498452 -0.162668   0.0257068   -0.152506 -0.00396303  -0.00031442 -0.000453456    1.662e-05 0.432807 0.441772 -0.11728    1.557e-05  0.000157421 -1.55266e-05 -0.0469966 -0.0127133   -3.70907  0.0087912 0.00746244   -9.80899 
              22.922 -0.190514 -0.219808   42.3234   1.12709  0.540416 -0.158532  0.0252864  -0.147651 -0.0041199 -0.000307604 -0.000462623  1.65272e-05   0.43154  0.437516 -0.114307  9.59477e-06  0.000151642 -1.85071e-05 -0.0461108 -0.0130461   -3.71134  0.0101629 0.00684068   -9.80899 
              23.022 -0.210333 -0.213195   42.1968   1.16673  0.581642 -0.158026     0.03153   -0.142273 -0.00410796 -0.000310571 -0.000481634  1.59522e-05  0.417909  0.431757 -0.120697  1.84402e-05  0.000143326 -2.31717e-05  -0.045348 -0.0145369   -3.71308  0.0109931 0.00427181   -9.80899 
              23.122 -0.275444 -0.203894   41.8257   1.20846   0.62244 -0.162529   0.0309485   -0.136954 -0.00413156 -0.000299995 -0.000493341  1.31919e-05 0.417234 0.427432 -0.13692   6.0857e-05  0.000132719 -1.31066e-05 -0.0443267 -0.0146738   -3.71427  0.0126232 0.00379639   -9.80899 
              23.222 -0.194454 -0.237472   41.3339   1.24999  0.667374 -0.163021   0.0301361   -0.141392 -0.00415317 -0.000304596 -0.000483988  1.00972e-05  0.417634  0.440199 -0.139828  1.10321e-05  0.000155011 -1.59354e-05 -0.0451076 -0.0143888   -3.71617  0.0114055 0.00451662   -9.80899 
              23.322  -0.20105 -0.239025   40.7004   1.28956  0.704717 -0.157489   0.0335509   -0.128255 -0.00410546 -0.000291594 -0.000506343  1.02137e-05  0.410588  0.417562 -0.127508  1.46376e-05  0.000145921 -1.42546e-05 -0.0427512 -0.0155282   -3.71889  0.0149064 0.00197706   -9.80899 
              23.422 -0.248209 -0.231437   39.9642  1.32775 0.740353 -0.15975   0.0385709   -0.116263 -0.00404582 -0.000285151 -0.000525411  4.93041e-06  0.399174  0.397237 -0.136536  4.31199e-05  0.000131435 -1.80769e-05  -0.040691 -0.0169104   -3.72042    0.0178511 -0.000899675     -9.80898 
              23.522 -0.230806 -0.238629   39.1259  1.36894 0.785505 -0.16144   0.0354461   -0.126345 -0.00404856 -0.000291329 -0.000514921  4.26321e-06  0.405383   0.42352 -0.141346  3.61373e-05  0.000139766 -1.60111e-05 -0.0424084 -0.0159116   -3.72216  0.0153274 0.00123978   -9.80899 
              23.622 -0.217225 -0.242256   38.2219     1.403  0.826274 -0.153828   0.0461882   -0.123316 -0.00389455 -0.000296171 -0.000523065   3.5248e-06  0.381264  0.421573 -0.123781 2.30096e-05  0.00013758 -1.7978e-05 -0.0422336 -0.0179689   -3.72509   0.0149361 -0.00219541    -9.80899 
              23.722 -0.185148 -0.266627   37.2435   1.44432  0.868439 -0.160901   0.0402366   -0.123612 -0.00396835 -0.000293322 -0.000519131  3.47167e-06  0.396124  0.423123 -0.143529  9.12932e-06  0.000150416 -1.29897e-05 -0.0420275 -0.0168508   -3.72599    0.0156229 -0.000450701     -9.80899 
              23.822 -0.165751 -0.283152   36.2163   1.48103  0.908423 -0.156741   0.0465346   -0.118072 -0.00388129 -0.000291962  -0.00052114  3.94643e-06  0.415175   0.42769 -0.131888  -4.0881e-06  0.000154914 -1.76022e-05 -0.0412448 -0.0181962   -3.72856   0.0164152 -0.00291698    -9.80899 
              23.922 -0.180499 -0.316168   35.1163   1.52938  0.947984 -0.173434    0.035066   -0.113877 -0.00355582 -0.000286717 -0.000516871 -1.51989e-06  0.444654  0.413349 -0.172447  1.59372e-05  0.000170468 -1.36895e-05 -0.0399869 -0.0163049   -3.72833    0.0191116 -0.000297205     -9.80898 
              24.022 -0.152033 -0.338421   33.9935   1.57031  0.981931 -0.176739   0.039261  -0.101768 -0.0023908 -0.000282778 -0.000517562 -7.95457e-07  0.434197  0.381888 -0.172029 -7.57489e-07  0.000174175 -2.10236e-06 -0.0380724 -0.0175211   -3.73028   0.0218075 -0.00300751    -9.80898 
              24.122 -0.170101 -0.358495   32.8894  1.61079  1.02039 -0.18426   0.0431302   -0.101782 -0.00241341 -0.000280566 -0.000517943 -1.24116e-07  0.392228  0.372069 -0.224203  1.22766e-05  0.000184442 -2.48218e-07 -0.0383264 -0.0181253   -3.73176   0.0212275 -0.00393521    -9.80898 
              24.222 -0.144495 -0.384401   31.8371   1.64831   1.05749 -0.190336   0.0454647   -0.101272 -0.00236326  -0.00027839  -0.00051705 -2.20057e-07  0.388807  0.369917 -0.216812 -1.13627e-06  0.000188366 -1.38741e-05 -0.0384309 -0.0184206   -3.73404   0.0210131 -0.00446148    -9.80898 
              24.322 -0.168726  -0.37481   30.8607   1.69568   1.09473 -0.191603  0.0341444  -0.103182 -0.0034938 -0.000296689 -0.000544315  2.65689e-06  0.427686  0.370233 -0.197847  2.52761e-05  0.000181819 -1.08651e-05 -0.0384555 -0.0159729   -3.73691    0.0222163 -0.000847332     -9.80897 
              24.422 -0.175252 -0.413725   29.9155   1.74277   1.12631 -0.197046   0.0273989   -0.097901 -0.00466344 -0.000314951 -0.000548098  5.86782e-07  0.443697  0.346839 -0.194575  3.74172e-05  0.000200757 -5.49143e-06  -0.037099 -0.0148059   -3.73894   0.0248075 0.000182237    -9.80897 
              24.522 -0.198523 -0.405986    28.969  1.79241  1.16219 -0.20157   0.0210778   -0.102452 -0.00509959 -0.000318949  -0.00055867  2.81978e-06  0.464319  0.344209 -0.189462  6.0096e-05 0.000196454 8.94233e-07 -0.0374571 -0.0134074   -3.74104  0.0248474 0.00247047   -9.80897 
              24.622 -0.184464  -0.40833   28.0617   1.83999   1.19561 -0.197386   0.0189707   -0.103566 -0.00536049 -0.000322732  -0.00056048  3.93394e-06  0.470303  0.334939 -0.165204 5.64159e-05 0.000196248 6.62472e-06 -0.0372883 -0.0128924   -3.74412  0.0251932 0.00310907   -9.80897 
              24.722 -0.128059 -0.406615   27.2851   1.89622   1.22994 -0.193971  0.00790819   -0.109914 -0.00674652 -0.000337773 -0.000589771   9.2593e-06  0.499152  0.333033 -0.147239 3.13349e-05 0.000197207 -8.8109e-06 -0.0374634  -0.010627   -3.74685  0.0258939 0.00661501   -9.80896 
              24.822 -0.0817264  -0.436408    26.5702  1.94541  1.26202 -0.19969  0.00834641   -0.108979 -0.00674396 -0.000339697 -0.000584398  9.89044e-06  0.496991  0.324686 -0.156115  5.19659e-06  0.000213669 -1.98328e-05 -0.0372089  -0.010694   -3.74817  0.0261528 0.00633396   -9.80896 
              24.922 -0.100705 -0.394041   25.9175   1.99366   1.29316 -0.189306 0.00900037  -0.109221  -0.006774  -0.00034506 -0.000582153  9.27806e-06  0.489453  0.316351 -0.123623  1.96596e-05   0.00018629 -3.96546e-06 -0.0369299 -0.0106466   -3.75161  0.0263369 0.00614777   -9.80896 
              25.022 -0.0688343  -0.385212    25.3889   2.04304   1.32363 -0.180741 0.0078574 -0.109983 -0.006975 -0.000352205 -0.000584517  9.47995e-06  0.485964  0.302633 -0.102838   2.6732e-06  0.000180422 -9.41928e-06 -0.0366862 -0.0103176   -3.75443  0.0266684 0.00642374   -9.80896 
              25.122 -0.0444226  -0.388505    24.9268   2.09836   1.35085 -0.173855 -0.000119529    -0.111074  -0.00784201 -0.000370956  -0.00060173  8.33337e-06   0.538029   0.296871 -0.0894919 -5.63471e-06  0.000182235 -2.14301e-06  -0.0361429 -0.00894177    -3.75683 0.0281122 0.0080928  -9.80896 
              25.222 -0.0389531  -0.377608    24.5682   2.15333   1.38081 -0.174966 -0.00165789   -0.113034 -0.00801973 -0.000371921 -0.000609717  8.24318e-06  0.532952  0.293423 -0.100044  -6.5558e-06  0.000175807 -1.01974e-05 -0.0362317 -0.0085545     -3.758  0.0281282 0.00869473   -9.80896 
              25.322 0.0101232 -0.387873   24.2868   2.20461   1.41166 -0.173178  0.00100659   -0.114155 -0.00797431 -0.000364331 -0.000605176  7.40003e-06 0.527028 0.299027 -0.10145 -3.75765e-05  0.000182229 -5.20039e-06  -0.0364388 -0.00883006    -3.75962    0.02756 0.00838099   -9.80896 
              25.422 -0.0238512  -0.364901    24.1407   2.25708   1.43744 -0.165404 -0.00065305   -0.110867 -0.00794379 -0.000380807 -0.000603058  3.50598e-06   0.529932   0.283985 -0.0874766 -1.46907e-05  0.000165418 -6.06802e-06  -0.0357069 -0.00869192    -3.76201  0.0286088 0.00805676   -9.80895 
              25.522 -0.00913278   -0.390015     24.0897   2.31119   1.46932 -0.171731 -0.000110547    -0.114644  -0.00795527 -0.000369385 -0.000612644  2.17361e-06  0.534832  0.298328 -0.111043 -2.39192e-05  0.000182776  3.29256e-06  -0.0362807 -0.00853513    -3.76247  0.0278657 0.00865082   -9.80896 
              25.622 -0.0079176  -0.409661    24.1921   2.36509   1.49689 -0.179065 -0.00161073   -0.112968 -0.00798516 -0.000379465 -0.000612084  2.29952e-06  0.536743  0.289868 -0.131332 -2.40938e-05  0.000193338 -1.77247e-07  -0.0359222 -0.00839619    -3.76311  0.0284599 0.00860603   -9.80895 
              25.722 0.0832022 -0.452538   24.4573   2.41571    1.5253 -0.185883 0.000792255   -0.111278 -0.00793524 -0.000374989 -0.000595518  2.77432e-06   0.52496  0.286121 -0.145257 -8.32096e-05  0.000218234 -1.08919e-05 -0.0357911 -0.0088351   -3.76405  0.0283444 0.00787872   -9.80896 
              25.822 0.0966649 -0.454023   24.7766   2.46772      1.55 -0.185574 -0.000807152    -0.107948  -0.00798001 -0.000387545 -0.000588077  1.92895e-06  0.52489 0.269224 -0.13685 -9.18246e-05  0.000216156  -6.3594e-06  -0.0351631 -0.00876479    -3.76611  0.0292737 0.00755708   -9.80895 
              25.922 -0.0157253  -0.444844    25.2198   2.51902   1.57513 -0.185608 -0.000920467    -0.106034  -0.00799388 -0.000393689 -0.000589076 -2.49964e-06  0.521186  0.262694 -0.131381 -2.40027e-05  0.000208234 -1.02861e-05   -0.034839 -0.00884188    -3.76801  0.0296765 0.00723072   -9.80895 
              26.022 -0.054691 -0.420445   25.7625   2.57256   1.60165 -0.182772 -0.00248409   -0.107159 -0.00804003 -0.000398171 -0.000601601 -1.61432e-06  0.528632  0.264841 -0.119542 -1.43999e-06  0.000193374  -5.0041e-06  -0.0348865 -0.00852418     -3.7702  0.0297926 0.00772081   -9.80895 
              26.122 -0.0278668  -0.463591    26.3828   2.62419   1.63345 -0.193418 0.000767905     -0.1116 -0.00795634 -0.000381228 -0.000605149 -9.29688e-06  0.523002  0.286087 -0.145106 -2.28928e-05  0.000222501 -4.82272e-06  -0.0357525 -0.00876829    -3.77052 0.0283708 0.0079017  -9.80896 
              26.222 0.032564 -0.51925  27.0901   2.67934     1.663 -0.199105 -0.00184695   -0.113965 -0.00801016 -0.000380012  -0.00061177 -1.14001e-05  0.534764  0.288643 -0.150606 -6.21095e-05  0.000257857  3.28119e-07  -0.0359531 -0.00821935    -3.77183  0.0283922 0.00883365   -9.80895 
              26.322 -0.0605997   -0.48981    27.8806   2.73055   1.68747 -0.200559 -0.00211026    -0.10933 -0.00803384 -0.000390451 -0.000604955 -1.96052e-05  0.496764  0.251983 -0.144439 -8.58854e-06  0.000235822  7.70524e-06  -0.0351729 -0.00842742    -3.77373  0.0294131 0.00807066   -9.80895 
              26.422 -0.130574 -0.477441   28.7665   2.78269   1.71288 -0.197844 -0.00475659   -0.110203 -0.00813574  -0.00039746 -0.000617183 -2.00763e-05  0.521834   0.26354 -0.127051 3.16108e-05 0.000228724 1.61144e-07  -0.0351136 -0.00794342    -3.77613   0.029733 0.00876518   -9.80895 
              26.522 -0.0937158  -0.494024    29.7165   2.84054   1.74109 -0.198793 -0.00998036   -0.114211 -0.00862661 -0.000402337 -0.000631121 -1.90247e-05   0.55633  0.278925 -0.123254 7.11518e-06 0.000241911 3.76838e-06  -0.0353587 -0.00687594    -3.77785 0.0298327 0.0105216  -9.80895 
              26.622 -0.126564 -0.473352   30.7453   2.89122   1.77097 -0.191949 -0.00470368   -0.114843 -0.00849585 -0.000394684 -0.000622738 -1.98569e-05  0.540855  0.294992 -0.100779 1.86317e-05 0.000229769 2.25222e-06   -0.035601 -0.00771836    -3.78048   0.028928 0.00936114   -9.80895 
              26.722 -0.132589 -0.474309   31.8505   2.94062    1.8015 -0.187157 3.37934e-05   -0.114396 -0.00869013 -0.000387564 -0.000613252 -2.01028e-05  0.518224  0.300987 -0.089459  1.37385e-05  0.000230849 -1.60766e-06    -0.03574 -0.00853374    -3.78255  0.0282964 0.00816893   -9.80896 
              26.822 -0.166979 -0.408777   33.0393     2.983   1.83003 -0.170892  0.00948196   -0.108979 -0.00910704 -0.000383665 -0.000588707 -2.73546e-05   0.489894   0.310747 -0.0517079   2.3084e-05  0.000188267 -1.25632e-05 -0.0353407 -0.0104236   -3.78589   0.028094 0.00505572   -9.80896 
              26.922 -0.149665 -0.460548   34.2471   3.03433   1.85853 -0.181517  0.00599647    -0.10637 -0.00884993 -0.000391093 -0.000588872 -2.58011e-05   0.494826   0.309731 -0.0930895 9.17067e-06 0.000219995 9.15048e-06  -0.0346975 -0.00993352    -3.78536  0.029298 0.0055422  -9.80895 
              27.022 -0.151297 -0.463785   35.5265   3.08275    1.8931 -0.183091  0.00779071   -0.109259 -0.00899366 -0.000384357 -0.000590144 -2.66681e-05   0.496048    0.34358 -0.0998896  2.71493e-06  0.000225164 -2.69339e-06 -0.0353648 -0.0101482    -3.7865  0.0282065 0.00549749   -9.80896 
              27.122 -0.255366 -0.414775   36.7464    3.1313   1.92091 -0.181316  0.00530152   -0.102231 -0.00873729  -0.00038517 -0.000591207 -3.75863e-05    0.47665    0.30982 -0.0956844 6.21674e-05 0.000192204 7.74349e-06 -0.0341352 -0.0100712   -3.78818   0.030282 0.00520663   -9.80895 
              27.222 -0.232368 -0.492351   37.9727  3.17493  1.95597 -0.19687    0.010945   -0.106611 -0.00873499 -0.000387505 -0.000594599 -4.08498e-05  0.459864  0.335954 -0.139045 3.88185e-05 0.000245142 7.89781e-06 -0.0351294  -0.010882   -3.78755  0.0283837 0.00423885   -9.80896 
              27.322 -0.270666 -0.467911   39.2161  3.21869  1.98605 -0.19447  0.0119783  -0.101174 -0.0091431 -0.000385844 -0.000593198 -4.25048e-05 0.453094 0.333572 -0.12297  5.5051e-05 0.000229213  9.2286e-06 -0.0342291 -0.0114272   -3.78977   0.029675 0.00317136   -9.80895 
              27.422 -0.318428 -0.446291   40.4972   3.26601   2.02547 -0.195136  0.00870617   -0.108156 -0.00893639 -0.000387003 -0.000601793 -3.84317e-05  0.462642  0.375774 -0.118487 7.97734e-05 0.000223128 5.15873e-06 -0.0354494  -0.010662   -3.79142    0.02797 0.00486791   -9.80896 
              27.522 -0.297505 -0.454824   41.6439   3.30892   2.05963 -0.193464   0.0100655    -0.10499 -0.00897877 -0.000384543 -0.000601877 -3.72721e-05  0.429515  0.347227 -0.109814 6.04063e-05 0.000229542 1.02867e-05 -0.0349843 -0.0111363   -3.79327  0.0286263 0.00404429   -9.80896 
              27.622 -0.289541 -0.457249   42.7269   3.34724   2.09417 -0.192422   0.0143351   -0.105448 -0.00910843 -0.000388397 -0.000604272 -3.82361e-05  0.388667  0.327472 -0.104958 4.74592e-05 0.000234006 9.81062e-06 -0.0352529 -0.0120338   -3.79493  0.0279561 0.00274173   -9.80896 
              27.722  -0.35222 -0.366078   43.7335   3.39208    2.1307 -0.183252  0.00395229    -0.10964 -0.00948172 -0.000393155 -0.000591199 -3.04527e-05   0.420961   0.361568 -0.0763641  8.7241e-05 0.000183372 7.11764e-06 -0.0355925 -0.0100776   -3.79768  0.0278053 0.00612226   -9.80896 
              27.822  -0.33425 -0.359068   44.6612   3.43122    2.1737 -0.175662 0.00678722  -0.119679  -0.008067 -0.000409262 -0.000584838  -3.4376e-05   0.412575   0.400883 -0.0598962 7.06083e-05 0.000188199  1.0725e-05 -0.0373537 -0.0104403   -3.79984  0.0246521 0.00605491   -9.80897 
              27.922 -0.339923 -0.326159   45.4778   3.47071   2.21768 -0.172025  0.00729454   -0.124935 -0.00794274 -0.000417774 -0.000579217 -3.51503e-05   0.387214   0.411234 -0.0590835 7.04279e-05 0.000173668 1.08543e-05 -0.0382666 -0.0104494   -3.80125 0.0230687 0.0062999  -9.80897 
              28.022 -0.296742 -0.353136   46.1722   3.51039   2.25978 -0.173897  0.00368528   -0.127517 -0.00775353 -0.000415248 -0.000568123 -3.81618e-05   0.388338   0.417248 -0.0734216 4.36247e-05 0.000193644 6.89252e-06 -0.0386478 -0.0097132   -3.80194  0.0225947 0.00761421   -9.80897 
              28.122 -0.293166 -0.326155     46.75   3.54702   2.30018 -0.166024  0.00358706     -0.1285 -0.00777471 -0.000415005 -0.000566198 -3.79981e-05   0.367785   0.409328 -0.0571868 3.92138e-05 0.000178855 1.51649e-05  -0.0386525 -0.00976235    -3.80406  0.0224316 0.00760009   -9.80897 
              28.222 -0.310711 -0.274649   47.2561  3.58565   2.3471 -0.15832 0.000847288   -0.134177 -0.00754854 -0.000419647 -0.000558414 -3.39494e-05    0.384292     0.45968 -0.00103005 4.97317e-05 0.000151792 2.55992e-05  -0.0395065 -0.00913366    -3.80547  0.0210285 0.00884404   -9.80897 
              28.322  -0.31742 -0.271781   47.6004    3.6246    2.3931 -0.154845 -0.00121078   -0.133605 -0.00747061 -0.000415131 -0.000557359 -3.45286e-05  0.379375  0.466264 -0.016207 5.39121e-05 0.000150648 3.04546e-05  -0.0392839 -0.00882729     -3.8061  0.0214089 0.00935734   -9.80897 
              28.422 -0.337505 -0.268038   47.8367  3.65758   2.4335 -0.15579  0.00701592   -0.124137 -0.00793409 -0.000415962 -0.000584139 -3.18047e-05   0.356371   0.445532 -0.0400229 6.02197e-05 0.000142978 3.95352e-05 -0.0379754 -0.0106737   -3.80632  0.0234238 0.00608095   -9.80897 
              28.522 -0.341188 -0.262703   48.0129   3.69414    2.4757 -0.158058  0.00577094   -0.119808 -0.00784456 -0.000410636 -0.000588479 -3.11777e-05   0.358036   0.442591 -0.0601827 6.25159e-05 0.000137284 4.01264e-05 -0.0371421 -0.0106036    -3.8067  0.0248312 0.00608253   -9.80897 
              28.622 -0.356295 -0.258276   48.1662   3.72465   2.51906 -0.158518   0.0130657   -0.119278 -0.00795484 -0.000414831 -0.000590943 -3.08642e-05  0.334424  0.443022 -0.070109 6.65978e-05 0.000134382 2.30357e-05 -0.0372466 -0.0120611   -3.80756  0.0243958 0.00372829   -9.80897 
              28.722 -0.320107 -0.268116   48.2381   3.75628   2.56304 -0.155851   0.0150067   -0.118763 -0.00797314 -0.000415021 -0.000589968 -3.07339e-05   0.326149   0.444635 -0.0676426 4.30114e-05 0.000139896  2.7243e-05 -0.0372252 -0.0124848   -3.80899  0.0243659 0.00305647   -9.80897 
              28.822 -0.361215 -0.244098   48.1569   3.78901   2.60454 -0.157794  0.0136414  -0.115227 -0.0080064 -0.000408711 -0.000594131 -3.31284e-05   0.315648   0.426187 -0.0784698 6.89031e-05 0.000122416 2.92692e-05 -0.0365103 -0.0122916   -3.80979  0.0255789 0.00323036   -9.80897 
              28.922 -0.362908 -0.250218   47.9936   3.81726   2.64411 -0.154715   0.0183575   -0.111477 -0.00798599 -0.000409764 -0.000605864 -3.26537e-05    0.30117   0.417112 -0.0717615 6.72521e-05  0.00012283 2.01838e-05 -0.0358153 -0.0133036    -3.8114   0.026464 0.00143976   -9.80896 
              29.022 -0.358121 -0.235778   47.7243  3.85648  2.68666 -0.15323  0.00504032   -0.110355 -0.00880122 -0.000389755  -0.00059073 -2.98507e-05   0.336342   0.423573 -0.0702253 7.29857e-05 0.000111995 2.13778e-05 -0.0352237 -0.0107013   -3.81275  0.0278982 0.00556895   -9.80896 
              29.122 -0.34952 -0.25958   47.429   3.88795   2.72493 -0.154366  0.00831576   -0.105303 -0.00881556 -0.000389239 -0.000595766 -2.72973e-05   0.325309   0.409254 -0.0775184 6.62742e-05  0.00012186  1.2808e-05  -0.034233 -0.0114471   -3.81369  0.0293087 0.00413978   -9.80896 
              29.222 -0.402646  -0.24572   47.1326   3.91623   2.76282 -0.157789   0.0143126   -0.101867 -0.00867994  -0.00039206 -0.000595876 -2.82993e-05   0.306032   0.400941 -0.0895158 9.53961e-05 0.000109476  1.8186e-05 -0.0336356 -0.0126935   -3.81441  0.0299771 0.00197545   -9.80895 
              29.322 -0.398502 -0.250258   46.7447   3.95162   2.80212 -0.158585  0.00780919  -0.0995586 -0.00883339 -0.000387803 -0.000595995  -2.6939e-05   0.324007    0.40146 -0.0893841 9.75563e-05 0.000108688 3.11408e-05 -0.0329719 -0.0114521   -3.81568  0.0312778 0.00384307   -9.80895 
              29.422 -0.377914 -0.273729   46.1745   3.98208   2.84136 -0.159303   0.0100716  -0.0984779 -0.00877832 -0.000387721 -0.000600926 -2.64662e-05   0.314849   0.400821 -0.0897758 8.49344e-05 0.000119443 2.60863e-05 -0.0327583 -0.0119051   -3.81691  0.0314813 0.00305007   -9.80895 
              29.522 -0.344101 -0.299816   45.3597   4.01257   2.88243 -0.159612  0.0107504 -0.0996499 -0.0087587 -0.000389538 -0.000596553 -2.70586e-05   0.306941   0.404653 -0.0890983 6.62062e-05  0.00013232 4.07879e-05 -0.0329645 -0.0119953   -3.81818  0.0310932 0.00294315   -9.80895 
              29.622 -0.326814 -0.287937   44.5001    4.0403   2.92103 -0.154751   0.0138576  -0.0976065 -0.00870122 -0.000391962 -0.000604143 -2.89835e-05  0.290221  0.394587 -0.072737 5.64033e-05 0.000120384 3.15611e-05 -0.0325957 -0.0126259   -3.82016  0.0314978 0.00181762   -9.80895 
              29.722 -0.310355 -0.325044   43.5959   4.06697   2.95721 -0.155446   0.0163993   -0.094004 -0.00871935 -0.000390639  -0.00060865 -2.81691e-05   0.274304    0.37769 -0.0770572 4.75399e-05 0.000137124 3.36733e-05 -0.0319194    -0.0132   -3.82119   0.0324103 0.000710003    -9.80895 
              29.822 -0.284813 -0.342429    42.703   4.10509   2.99543 -0.157019  0.00378971  -0.0935632 -0.00948414 -0.000394678 -0.000611633 -2.87311e-05   0.318621   0.379048 -0.0815562 4.27426e-05 0.000144056 3.04219e-05 -0.0314352 -0.0107612   -3.82219 0.0338034 0.0044938  -9.80894 
              29.922 -0.337747  -0.32922   41.8294   4.13237   3.02945 -0.161919   0.0094651   -0.089172 -0.00931063 -0.000395635   -0.0006041 -3.28325e-05   0.326267   0.381685 -0.0954177  7.4247e-05 0.000130502 3.30905e-05 -0.0307016  -0.011972   -3.82277  0.0345928 0.00233814   -9.80894 
              30.022 -0.287505 -0.349784   40.9969   4.16171    3.0605 -0.155057   0.0121057   -0.082251 -0.00907865 -0.000404658 -0.000589617  -2.7253e-05   0.302734   0.342429 -0.0699861 4.50603e-05  0.00013556 3.03246e-05  -0.029313 -0.0126223   -3.82513   0.0365022 0.000833375    -9.80893 
              30.122 -0.273457 -0.368792   40.1831   4.18585   3.09504 -0.155081   0.0184379  -0.0826205 -0.00911357 -0.000396742 -0.000581427 -2.73485e-05   0.272632   0.338615 -0.0730291 3.56394e-05 0.000144397 3.40543e-05 -0.0295791 -0.0137673   -3.82618    0.0357066 -0.000930186     -9.80893 
              30.222 -0.330126 -0.351966   39.3833   4.21238   3.12481 -0.160686  0.0190801 -0.0781516 -0.0089037 -0.000401514 -0.000577917 -3.29008e-05   0.268907   0.323109 -0.0909577 7.23708e-05 0.000128754  3.0448e-05 -0.0287529 -0.0140112   -3.82656   0.0369233 -0.00161516    -9.80893 
              30.322 -0.246997 -0.381157   38.5388    4.2374   3.15436 -0.155116   0.0211054   -0.075089 -0.00889429  -0.00039923 -0.000570025 -2.81605e-05   0.292777   0.328751 -0.0688528 2.40515e-05 0.000141248 3.70391e-05 -0.0281798 -0.0143882   -3.82872  0.0376347 -0.0024881   -9.80893 
              30.422 -0.269942 -0.380263    37.654   4.27672   3.18753 -0.158762   0.0130045  -0.0748923 -0.00933825 -0.000396422 -0.000567438 -3.03365e-05   0.340676   0.332751 -0.0812711 4.62559e-05  0.00013786 3.87605e-05 -0.0278398 -0.0128566   -3.82932    0.0387383 -0.000252432     -9.80892 
              30.522 -0.285806  -0.40851   36.7453   4.30071   3.21303 -0.162858   0.0215732  -0.0663893 -0.00809307 -0.000394679 -0.000573071 -2.70607e-05    0.2929  0.295691 -0.092257 5.41227e-05 0.000146636     2.6e-05 -0.0266618 -0.0146975      -3.83  0.0398622 -0.0036201   -9.80892 
              30.622 -0.258511 -0.413915   35.7853   4.32294    3.2421 -0.160579   0.0275575  -0.0646089 -0.00826037 -0.000396082 -0.000575635 -2.88194e-05   0.258541   0.288013 -0.0805823 3.80767e-05   0.0001455 3.13413e-05 -0.0267781 -0.0157139   -3.83167   0.0393898 -0.00523527    -9.80892 
              30.722 -0.251215 -0.430295   34.7993   4.34585   3.26795 -0.161942   0.0290003  -0.0619442 -0.00825473 -0.000395043 -0.000576364 -2.87139e-05   0.215364    0.25607 -0.0827477 3.70242e-05 0.000150609 2.78999e-05 -0.0264038 -0.0160105   -3.83274   0.0398527 -0.00590975    -9.80892 
              30.822 -0.216254 -0.427563   33.7815   4.37079   3.29091 -0.158374  0.0237593 -0.0622762 -0.0092143 -0.000395926 -0.000571042 -2.54259e-05   0.202581   0.226744 -0.0689432 2.37245e-05 0.000146288 2.63256e-05 -0.0261604 -0.0149927   -3.83449   0.0406542 -0.00455227    -9.80891 
              30.922 -0.218494 -0.407714   32.7517   4.39216   3.31704 -0.151122   0.0232893  -0.0670791 -0.00862902 -0.000400392 -0.000572142 -2.34414e-05   0.185562   0.225536 -0.0486497 2.99166e-05 0.000134711 2.19059e-05 -0.0264748 -0.0147233   -3.83651  0.0399769 -0.0039517   -9.80892 
              31.022 -0.237273 -0.403455   31.6858    4.4233   3.34104 -0.156853  0.0140663 -0.0708197 -0.0110553 -0.000402549 -0.000568539  -2.6378e-05   0.216961   0.221003 -0.0730228 5.12202e-05 0.000131643 3.49139e-05 -0.0266827  -0.012965   -3.83655   0.0406529 -0.00128375    -9.80892 
              31.122 -0.253954  -0.42281   30.6311   4.44584   3.36013 -0.162568  0.0108839 -0.0711209 -0.0121655 -0.000404068 -0.000568993 -2.86148e-05   0.181286   0.188593 -0.0903814 6.74696e-05 0.000140416 3.77791e-05 -0.0264606  -0.012427   -3.83692     0.041207 -0.000638151     -9.80891 
              31.222 -0.173614 -0.420661   29.5834   4.46642   3.38289 -0.158168   0.010012 -0.0775685 -0.0115081   -0.0004035  -0.00056581 -3.06262e-05   0.186249   0.199625 -0.0709878  2.4322e-05 0.000139948 3.08857e-05 -0.0266542 -0.0120853   -3.83887   0.0405939 0.000110164    -9.80892 
              31.322 -0.185968 -0.402817   28.5165   4.49634   3.40191 -0.151393 0.00192739 -0.0835011 -0.0144598 -0.000411144 -0.000567875 -3.00563e-05   0.224689   0.191335 -0.0491104  4.1252e-05 0.000130547 4.79801e-05 -0.0263541 -0.0106209   -3.84091  0.0414361 0.00203562   -9.80891 
              31.422 -0.100193 -0.401277   27.2745    4.5191   3.41976 -0.146046 0.00134637 -0.0846852  -0.014757 -0.000406026 -0.000562255 -2.83185e-05   0.227065   0.186106 -0.0386241 -4.5881e-06 0.000127668 5.05809e-05 -0.0259868  -0.010546   -3.84245  0.0416128 0.00197226   -9.80891 
              31.522 -0.137529 -0.387721   24.9441   4.53979   3.43828 -0.143879 0.00237906 -0.0846817 -0.0145726 -0.000408359 -0.000600364 -2.86167e-05   0.220708   0.187037 -0.0415686 2.69076e-05  0.00011675 6.00888e-05 -0.0258217 -0.0107274    -3.8434  0.0415213 0.00166766   -9.80891 
              31.622 -0.141346 -0.417928   21.8921   4.55868   3.45419 -0.146775 0.00286222 -0.0821666 -0.0144659 -0.000358886 -0.000698978 -2.73878e-05   0.209886   0.177376 -0.0592728 4.12939e-05 0.000128728 6.41334e-05 -0.0254597 -0.0109295    -3.8437  0.0417116 0.00112332   -9.80891 
              31.722 -0.107618 -0.399538   18.5516   4.58671    3.4764 -0.147612 0.00174935 -0.0869693 -0.0144817 -0.000413936 -0.000559836 -2.54906e-05   0.240253   0.197342 -0.0652036 3.63993e-05 0.000115788 7.04889e-05 -0.0259683 -0.0105524   -3.84451  0.0416455 0.00199019   -9.80891 
              31.822 -0.0895802  -0.396032    15.0591   4.61093   3.50233 -0.147571 0.00450991 -0.0889653 -0.0146161 -0.000480058 -0.000570975 -2.60665e-05   0.244932   0.223604 -0.0667262 3.84932e-05 0.000111079 8.41265e-05  -0.026288 -0.0107618    -3.8455  0.0412915 0.00227573   -9.80891 
              31.922 -0.01687 -0.41166  11.5664    4.6375   3.51941 -0.146531 0.00134198 -0.0887708 -0.0144344 -0.000473664 -0.000527436 -2.03622e-05   0.257522    0.20261 -0.0636245 1.14629e-05 0.000117281 6.95048e-05 -0.0262357 -0.0104667   -3.84668  0.0414935 0.00207529   -9.80891 
              32.022 -0.0415772    -0.4173    8.03876    4.6634   3.54013 -0.152159 0.00152655 -0.0887816 -0.0144476 -0.000474878 -0.000530002 -2.01808e-05   0.255674   0.201892 -0.0827479 4.12129e-05 0.000119917 8.10667e-05 -0.0262437 -0.0104809   -3.84691  0.0415002 0.00208829   -9.80891 
              32.122 -0.0141364  -0.405111     4.5519   4.69504    3.5626 -0.151307 0.00352961 -0.0929631 -0.0145979 -0.000530208 -0.000551117 -1.82743e-05  0.246614  0.197662 -0.076132 3.86803e-05 0.000113828 8.40901e-05 -0.0266014 -0.0107627   -3.84824 0.0420044 0.0017883  -9.80891 
              32.222 0.0717972 -0.405294   1.11782   4.71054   3.58027 -0.149096 0.00163591 -0.0905642 -0.0146013 -0.000501273  -0.00052735 -1.53453e-05   0.166603   0.183843 -0.0672882 2.99794e-06 0.000112311 7.93562e-05 -0.0264428 -0.0104315   -3.84968  0.0415542 0.00210541   -9.80891 
              32.322 0.0796346 -0.387113   -2.4066   4.72801   3.59624 -0.148003 0.000674741  -0.0933004  -0.0159572 -0.000507156 -0.000511573 -1.67816e-05   0.165904   0.173045 -0.0637099 1.36447e-05 0.000106063 6.92889e-05 -0.0265705 -0.0103598   -3.85086  0.0412361 0.00176445   -9.80891 
              32.422  0.118764 -0.368807  -6.12374   4.74808   3.61553 -0.146047  0.0051552 -0.0989055 -0.0160053 -0.000558499  -0.00049629 -1.62859e-05  0.146441  0.183054 -0.058983 2.46281e-06 0.000101982 7.05402e-05 -0.0266256 -0.0110902   -3.85209   0.0418957 0.000609619    -9.80891 
              32.522 0.0953385 -0.397576  -10.2285   4.75792   3.63478 -0.149326 0.00296228 -0.0958459 -0.0155184 -0.000523814 -0.000543988 -1.25984e-05  0.136902  0.184582 -0.071583 3.33806e-05 0.000122333 6.66625e-05 -0.0262072 -0.0105267   -3.85257  0.0416576 0.00168193   -9.80891 
              32.622  0.160869 -0.383391  -14.6105   4.76762   3.64922 -0.151985 -0.00256168  -0.0961488  -0.0163161 -0.000447378  -0.00055057  -9.3358e-06   0.143372   0.141107 -0.0776083 1.55004e-05 0.000118793 6.49173e-05  -0.0264036 -0.00968392    -3.85332 0.0403456  0.002505  -9.80892 
              32.722  0.163087 -0.397392  -18.2384   4.77486   3.66077 -0.151541 -0.00891821  -0.0940032  -0.0159084 -0.000423719 -0.000497182 -9.25087e-06   0.104324   0.113071 -0.0720077 3.22665e-05 0.000131841 5.59132e-05  -0.0263381 -0.00849875    -3.85456  0.0391904 0.00415653   -9.80892 
              32.822  0.197503 -0.368147  -20.8034    4.7923   3.66726 -0.150789 -0.00385942   -0.103453  -0.0169253 -0.000554079 -0.000686293  -3.4802e-06  0.125555  0.085947 -0.066207 1.90617e-05 0.000124439 5.42874e-05  -0.0275493 -0.00976862     -3.8558  0.0385796 0.00111983   -9.80892 
              32.922  0.223229 -0.337709  -22.9826   4.81161      3.67 -0.149454 0.000841683   -0.113856  -0.0184156 -0.000668187 -0.000850455  1.07312e-06   0.176677  0.0415645 -0.0598554 9.04541e-06 0.000116964 5.38497e-05 -0.0290137 -0.0109982   -3.85705   0.0374766 -0.00207637    -9.80893 
              33.022  0.257943 -0.265925  -24.9472   4.83746   3.66828 -0.142556 0.00679591  -0.122678 -0.0194658 -0.000713358 -0.000939718  8.23514e-06    0.226865 0.000736019  -0.0376287 -8.49323e-06  8.40981e-05  5.35013e-05 -0.0302166  -0.012255   -3.85896   0.0367636 -0.00514294    -9.80893 
              33.122  0.270228 -0.303633  -26.7787   4.84909   3.67164 -0.142131 -0.00408751   -0.112069  -0.0181632 -0.000705957  -0.00086795  2.12218e-05   0.178168 0.00841304 -0.0450653 -4.18524e-06  0.000104804  4.70446e-05  -0.0293234 -0.00968774    -3.85962    0.0363812 -0.000548911     -9.80893 
              33.222  0.277867 -0.283616  -28.4784   4.86754   3.67476 -0.142933 -0.000937018    -0.108809   -0.0186997 -0.000696615 -0.000868266  2.18624e-05    0.17636  0.0127902 -0.0533822 -5.35843e-06  9.57802e-05   5.3419e-05  -0.0287228 -0.00996113    -3.86025    0.0376382 -0.000560784     -9.80893 
              33.322   0.31297 -0.268103  -29.9772   4.88161   3.67415 -0.145044 -0.00557383   -0.109507  -0.0184988 -0.000705453 -0.000861528  2.29609e-05     0.157295 -0.000154861   -0.0631158 -1.90314e-05  9.11852e-05  5.39171e-05   -0.029227 -0.00918356    -3.86081   0.0363814 0.000284139    -9.80893 
              33.422  0.311936 -0.260875  -31.3217   4.89428   3.66979 -0.145871  -0.011479  -0.113034 -0.0187319 -0.000722097  -0.00085974  2.16076e-05    0.16181  -0.046503 -0.0653183 -1.11138e-05  9.31341e-05  5.17805e-05  -0.0302579 -0.00833542    -3.86167   0.0342336 0.000865877    -9.80894 
              33.522  0.312207 -0.277246  -32.5508   4.90797   3.66781 -0.148177 -0.0121101  -0.108416 -0.0185097 -0.000717162 -0.000852457  2.30602e-05   0.140401 -0.0384921 -0.0718721 -7.57151e-06  0.000103787  5.36076e-05  -0.0295279 -0.00788475    -3.86236  0.0351061 0.00202321   -9.80894 
              33.622  0.334681 -0.250807  -33.5988   4.92221   3.66963 -0.145871 -0.00846267   -0.100067  -0.0185726 -0.000701898 -0.000840864   2.1353e-05     0.1331 -0.0133921 -0.0615064 -2.01128e-05  8.63093e-05  6.22835e-05  -0.0279525 -0.00786032    -3.86375  0.0376674 0.00299808   -9.80893 
              33.722  0.343202 -0.273426  -34.4826   4.92848   3.66893 -0.149286 -0.0173717 -0.0974385  -0.018111 -0.000717091 -0.000824541  2.32674e-05   0.0977665 -0.00901987  -0.0725009 -1.74705e-05  0.000100884  6.06359e-05  -0.0280654 -0.00610126    -3.86423  0.0363687 0.00566953   -9.80893 
              33.822  0.358407 -0.270129  -35.2457   4.93249   3.66398 -0.150584 -0.0267226  -0.101896 -0.0188044 -0.000737872 -0.000823718  2.38241e-05  0.0710593  -0.028949 -0.0725952 -1.86571e-05  0.000103969  5.65722e-05  -0.0293692 -0.00466245    -3.86517  0.0333542 0.00704343   -9.80894 
              33.922  0.361271 -0.262207  -35.9337   4.93941   3.66257 -0.152017 -0.0253066 -0.0998975 -0.0186055 -0.00073639 -0.00082105 2.40041e-05   0.064456  -0.026884 -0.0731342 -1.92406e-05   0.00010034   6.5866e-05 -0.0288569 -0.0047318   -3.86608  0.0341569 0.00720187   -9.80894 
              34.022  0.393471 -0.204488  -36.5114   4.94723   3.66208 -0.144317 -0.0217836 -0.0977274 -0.0183346 -0.000740581 -0.000814247  2.35245e-05   0.070434 -0.0230267 -0.0434383 -3.87997e-05  6.71076e-05  6.66181e-05  -0.0280717 -0.00508849    -3.86824  0.0354915 0.00699917   -9.80893 
              34.122  0.361953 -0.242819  -36.9842   4.95731   3.65701 -0.145109 -0.0178317  -0.102999 -0.0184734 -0.000733937 -0.000822295  1.87807e-05  0.0806128 -0.0377336 -0.0507143 -2.13874e-05  9.47527e-05   5.5762e-05  -0.0287245 -0.00607021    -3.86886  0.0350406 0.00500297   -9.80894 
              34.222  0.367332 -0.260055  -37.4493   4.96125   3.65686 -0.147377 -0.0224542 -0.0963419 -0.0183698 -0.000740252  -0.00082232  2.15204e-05  0.0623279 -0.0258378 -0.0612389 -2.05841e-05   0.00010243  5.69895e-05  -0.0278007 -0.00483442    -3.86934  0.0357244 0.00751856   -9.80893 
              34.322  0.373871 -0.223786  -37.8289 4.96645 3.65396 -0.1456 -0.0234839 -0.0966136 -0.0183749 -0.000742617 -0.000822775  2.18774e-05  0.0568182 -0.0324466 -0.0549417 -2.27555e-05  8.23524e-05  6.61341e-05  -0.0278775 -0.00462946    -3.87051  0.0354543 0.00776029   -9.80893 
              34.422  0.381025 -0.228322  -38.1496   4.97443   3.65451 -0.145883 -0.0187311  -0.091542 -0.0182442 -0.000742953 -0.000815898  2.11942e-05  0.0615688 -0.0169433 -0.0573497 -2.90087e-05  8.29939e-05  6.57477e-05 -0.0266789  -0.005147   -3.87132  0.0376659 0.00765152   -9.80892 
              34.522  0.396122 -0.223725  -38.4131    4.9779   3.65354 -0.144256 -0.0220409 -0.0898504 -0.0182267 -0.000746417  -0.00081603  2.14281e-05  0.0505756 -0.0177046 -0.0526424 -3.52261e-05  7.97719e-05  7.29032e-05  -0.0265621 -0.00442652    -3.87241  0.0374043 0.00883872   -9.80892 
              34.622  0.390262 -0.226846  -38.6358   4.98054   3.64919 -0.145875 -0.0254307 -0.0937433 -0.0183982 -0.000744708 -0.000820746  2.08968e-05  0.0357984 -0.0281143 -0.0596044 -2.91069e-05  8.44637e-05  7.20631e-05  -0.0274405 -0.00403619    -3.87302  0.0357618 0.00890677   -9.80893 
              34.722  0.404896 -0.213412  -38.8355   4.98553   3.64602 -0.148391  -0.023263 -0.0945639 -0.0183543 -0.000743495 -0.000818656  2.10738e-05  0.0407933 -0.0331427 -0.0671211 -3.84533e-05  7.75542e-05   7.1757e-05 -0.0274323 -0.0044569    -3.8736  0.0360116 0.00822865   -9.80893 
              34.822  0.420849 -0.196829  -39.0001   4.98762   3.64351 -0.146295  -0.025325 -0.0929879 -0.0183661 -0.000747158 -0.000819277   2.0819e-05  0.0214902 -0.0463725 -0.0573315 -4.61374e-05  6.73127e-05  6.68439e-05  -0.0272067 -0.00396833    -3.87489  0.0360248 0.00910896   -9.80893 
              34.922  0.414315 -0.210468  -39.1175   4.98918   3.64043 -0.144941 -0.0254232 -0.0907999 -0.0183179 -0.000748514 -0.000819365  2.12971e-05  0.0187775 -0.0438706 -0.0531317 -4.1841e-05 7.44737e-05 7.67631e-05  -0.0267805 -0.00379785    -3.87594  0.036568 0.0096119  -9.80893 
              35.022  0.424222 -0.209027   -39.121   4.98832    3.6422 -0.144824 -0.0273988 -0.0814766 -0.0177198 -0.000753963 -0.000811238  2.14626e-05  0.0074316 -0.0223568 -0.0549242 -4.63706e-05  6.80851e-05  7.82464e-05  -0.0252083 -0.00284464    -3.87675 0.0384714 0.0120306  -9.80892 
              35.122  0.421636 -0.217787  -39.1182   4.98799   3.64355 -0.145054 -0.0276301 -0.0762473 -0.0174909 -0.000758103 -0.000809105  2.20904e-05 0.00259226 -0.0110702 -0.0569425 -4.4574e-05 7.00049e-05 7.61366e-05  -0.0242776 -0.00243813    -3.87754 0.0396991 0.0131901  -9.80891 
              35.222  0.406529 -0.242961  -39.1201   4.98802   3.64365 -0.145906 -0.0272821 -0.0745778 -0.0174435 -0.000759157 -0.000809534  2.25804e-05 0.000899875 -0.00891647  -0.0599968 -3.57443e-05  8.36526e-05  7.68981e-05  -0.0239549 -0.00235965    -3.87828 0.0401644 0.0134746  -9.80891 
              35.322  0.415482 -0.230975  -39.1199   4.98729   3.64429 -0.145593 -0.0276787 -0.0723596  -0.017407 -0.000763216 -0.000810472  2.20725e-05 -0.00298731 -0.00596894  -0.0582898 -4.06524e-05  7.50664e-05   7.6545e-05  -0.0235752 -0.00212399    -3.87921 0.0406216 0.0140481  -9.80891 
              35.422  0.420775 -0.223631  -39.1192   4.98719    3.6445 -0.145457 -0.0269105 -0.0713275 -0.0173804 -0.000766241  -0.00080902  2.19456e-05  -0.0027321 -0.00594806  -0.0574968 -4.40802e-05  6.99368e-05  7.58931e-05  -0.0233391 -0.00218195     -3.8801 0.0410275 0.0140825   -9.8089 
              35.522  0.414788 -0.230201  -39.1201    4.9872   3.64412 -0.145908 -0.0262261 -0.0711421 -0.0173677  -0.00076641 -0.000808676   2.1842e-05 -0.00225748 -0.00812379  -0.0587247 -4.08156e-05   7.3497e-05  7.61384e-05  -0.0232589 -0.00228291    -3.88089 0.0412119 0.0139611   -9.8089 
              35.622 0.411667 -0.23782 -39.1193   4.98764   3.64389 -0.146029 -0.0249688 -0.0705593 -0.0173472 -0.000768011 -0.000806567  2.17291e-05 -0.000242137   -0.0087153   -0.0584419 -3.95909e-05   7.7422e-05  7.53509e-05  -0.0230724 -0.00246628    -3.88175 0.0416127 0.0137768   -9.8089 
              35.722  0.396876 -0.256206  -39.1198   4.98711   3.64272 -0.146443 -0.0254152 -0.0709555 -0.0173586 -0.000766503 -0.000807801  2.15469e-05 -0.00303068  -0.0125503  -0.0591141 -3.05077e-05  8.82225e-05  7.52829e-05  -0.0231599 -0.00240084    -3.88256  0.041429 0.0138172   -9.8089 
              35.822  0.398942 -0.251252  -39.1208   4.98759   3.64356 -0.146531 -0.0237442 -0.0684753 -0.0173124 -0.000771503 -0.000805846  2.12602e-05 -0.000492232  -0.00674969   -0.0585671 -3.26088e-05  8.36098e-05  7.56283e-05  -0.0226068 -0.00255048    -3.88342 0.0423841 0.0139128   -9.8089 
              35.922  0.416947 -0.234808  -39.1183   4.98769    3.6446 -0.145938 -0.0229331 -0.0663602 -0.0172792 -0.000776558 -0.000803942  2.04573e-05 -0.000397938  -0.00290428   -0.0559244 -4.35435e-05   7.2478e-05  7.39335e-05  -0.0221673 -0.00256511    -3.88436 0.0430761 0.0141498   -9.8089 
              36.022  0.414492 -0.234057  -39.1193   4.98675   3.64476 -0.145203 -0.0236809  -0.065704 -0.0172815 -0.000777835 -0.000805227  2.03468e-05 -0.00453297 -0.00414925  -0.0535693 -4.15106e-05  7.14522e-05   7.4316e-05    -0.02208 -0.00238204    -3.88528 0.0430931 0.0144797  -9.80889 
              36.122  0.408244 -0.238927  -39.4762   4.98595   3.64566 -0.142505 -0.0235325 -0.0641523 -0.0172612   -0.0007838 -0.000810114  2.08629e-05 -0.00639314 -0.00200018  -0.0455918 -3.69398e-05  7.47179e-05  4.61475e-05  -0.0217766 -0.00230607    -3.88642 0.0435131 0.0147717  -9.80889 
              36.222  0.386255 -0.263402  -41.0464    4.9867   3.64871 -0.142121 -0.0210858 -0.0604177 -0.0171704 -0.000872749 -0.000828695  2.18203e-05 -0.00193117  0.00950467  -0.0476838 -2.1584e-05 9.32313e-05 5.23621e-05  -0.0209503 -0.00252601    -3.88715 0.0449365 0.0149245  -9.80889 
              36.322  0.407234 -0.233827  -43.6214  4.98821  3.64624 -0.14475 -0.0192852 -0.0648805 -0.0171706 -0.000827077 -0.000703319   2.4094e-05  0.00419742 -0.00644187  -0.0580748 -2.80932e-05  8.85881e-05  5.18846e-05  -0.0216552 -0.00310012    -3.88754 0.0441755 0.0135909  -9.80889 
              36.422   0.41718 -0.198445   -47.423   4.99084   3.64562 -0.143588 -0.0162691 -0.0651021 -0.0171301 -0.000896567 -0.000639179  2.46119e-05   0.0123262 -0.00874998  -0.0529913 -2.70218e-05   8.3889e-05  3.51758e-05 -0.0215134 -0.0036523   -3.88855 0.0447146 0.0127928  -9.80889 
              36.522  0.459482 -0.164293   -51.469   4.98533   3.64441 -0.143218  -0.024582 -0.0652396 -0.0171697 -0.000762774 -0.000717514  2.70688e-05 -0.00789873  -0.0260839  -0.0523063 -3.92304e-05  8.12531e-05  3.59416e-05  -0.0219846 -0.00210987    -3.88938 0.0430883  0.014959  -9.80889 
              36.622  0.462183 -0.127402  -55.5098   4.98676   3.64155 -0.143043 -0.0226762 -0.0634981 -0.0171204 -0.000779962 -0.000735622  2.74621e-05  0.0137058 -0.0516764 -0.0521241 -3.57318e-05  7.75872e-05  2.97138e-05  -0.0215477 -0.00236067    -3.89018 0.0439109 0.0147827  -9.80889 
              36.722  0.463644 -0.105077  -58.5974   4.99539    3.6363 -0.142522 -0.0128384 -0.0624497 -0.0180209 -0.000724567 -0.000835754  2.81912e-05  0.0436957  -0.059219 -0.0506534 -3.8684e-05 7.83916e-05 3.36442e-05  -0.0209472 -0.00416374    -3.89103 0.0458665 0.0122107  -9.80889 
              36.822   0.473082 -0.0466893   -59.6925   5.00118   3.61971 -0.138495 -0.00976531  -0.0769177  -0.0172779 -0.000991355  -0.00127388  3.66931e-05  0.0465183  -0.107737 -0.0380598 -4.4977e-05  5.7901e-05 3.69183e-05 -0.0238112 -0.0054701   -3.89231  0.0420925 0.00874722   -9.80891 
              36.922   0.449326 -0.0207173   -61.5469   5.01797   3.60131 -0.135679 0.00902847  -0.085575 -0.0179011 -0.000901288  -0.00148022  3.80822e-05  0.0942795  -0.144714 -0.0331182 -4.14541e-05  5.66126e-05    4.715e-05  -0.0247209 -0.00950342    -3.89328  0.0426347 0.00184952   -9.80891 
              37.022   0.438517 -0.0282177   -64.2792   5.03101   3.58007 -0.136976  0.0159554 -0.0943557 -0.0177081 -0.000890557  -0.00136494  3.13054e-05   0.108745  -0.177106 -0.0432022 -3.8677e-05   7.851e-05 5.94364e-05 -0.0261162 -0.0112675   -3.89365 0.0412099  -0.00162  -9.80891 
              37.122  0.450739 0.0208292   -67.704   5.04579   3.55702 -0.141075  0.0227616  -0.100031 -0.0175351 -0.000925988  -0.00121886  3.22389e-05   0.127156  -0.211493 -0.0592246 -4.9162e-05  6.8375e-05  7.5486e-05 -0.0268967 -0.0128554   -3.89379   0.0406521 -0.00452809    -9.80891 
              37.222  0.422838 0.0753529  -71.4145   5.06449   3.52694 -0.136256  0.0345111   -0.11061 -0.0172991 -0.00100019 -0.00101982 3.76437e-05    0.15328   -0.25946 -0.0407301 -4.08901e-05  5.95969e-05   7.3843e-05 -0.0284558 -0.0156568   -3.89529   0.0393528 -0.00970802    -9.80892 
              37.322  0.423107 0.0453783  -75.2886   5.08048   3.50094 -0.139231  0.0345986  -0.108328 -0.0173285 -0.00100404 -0.00103639 3.87991e-05    0.16076  -0.312505 -0.0544014 -4.42723e-05  9.21463e-05  9.48202e-05 -0.0280124 -0.0155729   -3.89552   0.0400426 -0.00938858    -9.80891 
              37.422 0.438319  0.15031 -79.1402   5.09747   3.46225 -0.142436  0.0388325   -0.11728 -0.0171689 -0.00104015  -0.0010141 4.78927e-05   0.165586   -0.36165 -0.0637904 -5.80279e-05  5.25403e-05  7.82846e-05 -0.0296417  -0.016807   -3.89592  0.0379134 -0.0120231   -9.80892 
              37.522 0.433735 0.156383 -83.0133   5.11171   3.42511 -0.140728  0.0351276  -0.115909 -0.0166137 -0.00103075 -0.00100658 4.82921e-05    0.15793  -0.402257 -0.0547322 -5.94164e-05  6.51352e-05  6.32974e-05 -0.0298497 -0.0160317   -3.89704   0.037515 -0.0108082   -9.80892 
              37.622 0.422098 0.204631 -86.8897   5.12733   3.38232 -0.142936  0.0359919  -0.117078 -0.0165628 -0.00103808 -0.00100757 4.83484e-05   0.145204  -0.504051 -0.0612506 -5.97542e-05  5.44011e-05  7.15659e-05 -0.0302483 -0.0162666   -3.89756  0.0370925 -0.0113117   -9.80892 
              37.722 0.399222 0.218842 -90.6748    5.1536   3.33223 -0.136785  0.0522846  -0.105388 -0.0199539 -0.00101145 -0.00107125 5.15657e-05   0.179886  -0.546939 -0.0378454 -6.42388e-05   5.5174e-05  7.40681e-05 -0.0279357 -0.0191066   -3.89923  0.0423213 -0.0151016    -9.8089 
              37.822 0.416622 0.218773 -94.3147   5.16992   3.28545 -0.138621  0.0446092 -0.0948096 -0.0189289 -0.000980368  -0.00103646  5.55626e-05   0.171103  -0.521319 -0.0484351 -7.81657e-05  6.34312e-05  7.22386e-05 -0.0263047 -0.0171475   -3.89956  0.0444993 -0.0113677   -9.80889 
              37.922 0.439249 0.164814 -98.1334 5.18486 3.24201 -0.1402  0.0344739 -0.0819868 -0.0173508 -0.000937984  -0.00102945  6.74988e-05   0.150548  -0.505708 -0.0549469 -9.39171e-05  0.000103096  4.31122e-05 -0.0244214 -0.0145976   -3.90006   0.0470369 -0.00661983    -9.80888 
              38.022 0.430617 0.217907 -102.538     5.197   3.19099 -0.145148  0.0308857  -0.079354 -0.0169828 -0.000914268  -0.00104569  6.51668e-05   0.105949  -0.543903 -0.0702361 -9.47019e-05  8.96835e-05  4.99944e-05 -0.0241063 -0.0137655   -3.90022   0.0473756 -0.00516815    -9.80888 
              38.122 0.421694 0.252739 -107.001   5.20274   3.13682 -0.144326  0.0264982 -0.0802806 -0.0162651 -0.000893457  -0.00102626  6.45168e-05 0.0532073 -0.568396   -0.0614 -9.72574e-05  8.88308e-05  4.23055e-05 -0.0249747 -0.0128183   -3.90131   0.0460697 -0.00389692    -9.80889 
              38.222 0.421182 0.261899 -111.413   5.20579   3.08035 -0.143584  0.0250679 -0.0769262  -0.015801 -0.000882017   -0.0010261  6.47019e-05  0.0051191  -0.586707 -0.0553333 -0.000107728   9.9488e-05  4.28616e-05 -0.0247576 -0.0122301    -3.9023   0.0465801 -0.00299288    -9.80889 
              38.322 0.392074 0.338298 -115.616   5.19854    3.0207 -0.140452  0.0200371 -0.0812956 -0.0150451 -0.000917514  -0.00101017  6.53307e-05 -0.0666876  -0.616155  -0.043319 -9.95054e-05  7.46967e-05  3.96589e-05 -0.0264184 -0.0110176   -3.90351  0.0439945 -0.0016181    -9.8089 
              38.422  0.36248 0.369649 -119.533   5.19017   2.95503 -0.142839   0.024859 -0.0852616  -0.016592 -0.000922129  -0.00105087  6.54763e-05  -0.109049  -0.636938 -0.0531275 -9.87714e-05   7.3617e-05  3.44074e-05 -0.0272609 -0.0120115   -3.90387   0.0429649 -0.00352586    -9.80891 
              38.522 0.336945 0.406517 -123.227  5.16901  2.89311 -0.13848  0.0154753 -0.0920827 -0.0154688 -0.00101046   -0.001043 6.54025e-05  -0.177017  -0.624751 -0.0371638 -9.24552e-05  6.90806e-05   3.8688e-05  -0.029647 -0.0097434   -3.90522    0.0390663 -0.000671544     -9.80892 
              38.622 0.310426 0.436939 -126.602  5.14219   2.8329 -0.13369 0.00529199 -0.0950071 -0.0146569 -0.00109076 -0.00102346  6.5906e-05  -0.245233  -0.630859 -0.0255354 -8.50903e-05  6.40256e-05  4.03078e-05  -0.0310411 -0.00721935     -3.9064  0.036633 0.0028541  -9.80893 
              38.722  0.28514 0.474652 -129.707   5.11102   2.76666 -0.136643 0.00476214  -0.104827  -0.015976 -0.00112048 -0.00107846 6.68571e-05  -0.292018  -0.634741 -0.0430191 -8.38708e-05   5.7055e-05  3.14658e-05  -0.0331285 -0.00737991    -3.90645  0.0332552 0.00220037   -9.80894 
              38.822 0.249653 0.498309 -132.484   5.07582   2.70553 -0.133519 -0.000566678    -0.107898   -0.0160354 -0.00116889  -0.0010903 6.62107e-05  -0.342242  -0.619816 -0.0345976 -7.34725e-05  5.26162e-05  3.45881e-05 -0.0342277  -0.005973   -3.90749  0.0314322 0.00405472   -9.80895 
              38.922 0.300168 0.462956 -134.862   5.03945    2.6524 -0.137953 -0.0120406  -0.102313 -0.0153254 -0.00124896  -0.0010332 7.99668e-05  -0.369782  -0.580479 -0.0541763 -0.000107835  7.56259e-05  3.16156e-05  -0.0333761 -0.00342335    -3.90745   0.032424 0.00837542   -9.80894 
              39.022 0.234118 0.521526  -136.97   4.99405   2.59363 -0.136556 -0.0153393  -0.110037 -0.0167164 -0.00128462 -0.00108831 8.07896e-05  -0.448583  -0.593119 -0.0481895 -7.73559e-05  5.17983e-05  2.90038e-05  -0.0351752 -0.00261436    -3.90841  0.0294185 0.00920417   -9.80895 
              39.122 0.224966 0.512705 -138.771   4.94493   2.53368 -0.134755 -0.0163332  -0.115101  -0.017436 -0.00129698 -0.00112567 7.97051e-05  -0.467517  -0.585404 -0.0789246 -8.07764e-05  6.36808e-05  2.01049e-05  -0.0364192 -0.00215842    -3.90961  0.0274242 0.00950922   -9.80896 
              39.222 0.175046 0.554402 -140.439   4.89048   2.47985 -0.136704  -0.025348  -0.120567 -0.0174712  -0.0013431 -0.00116865  7.7225e-05  -0.503399  -0.550077 -0.0755472 -5.49894e-05  3.73289e-05  1.65698e-05   -0.0380327 -9.00893e-06     -3.91043 0.0246587  0.012539  -9.80896 
              39.322 0.231804  0.51444 -141.902   4.84471   2.42929 -0.139234 -0.0266101  -0.112433 -0.0167241 -0.00136246  -0.0011295 8.29888e-05  -0.489983  -0.524703 -0.0748513 -9.51362e-05  5.83441e-05  1.33407e-05   -0.036149 0.000643539    -3.91115 0.0275166 0.0137163  -9.80895 
              39.422 0.215358 0.532269 -143.052   4.79129   2.37824 -0.141453 -0.0290517   -0.11663 -0.0176181 -0.00137262 -0.00115777  8.3374e-05  -0.517686  -0.505141 -0.0737816 -8.99202e-05  5.29682e-05  4.16917e-06 -0.0371153 0.00127099   -3.91188 0.0258739 0.0144748  -9.80896 
              39.522 0.255498 0.504279 -144.056 4.73975 2.33015 -0.1363 -0.0289404  -0.113593 -0.0172886 -0.00138089 -0.00113607 8.45926e-05  -0.560345   -0.49531 -0.0495201 -0.000118352  6.94533e-05  1.03891e-05 -0.0362288 0.00165877    -3.9135 0.0271053 0.0149751  -9.80895 
              39.622 0.275578  0.50259 -144.792   4.68067   2.28229 -0.133946 -0.0306383  -0.117399 -0.0180425 -0.00138572 -0.00115836 8.48928e-05  -0.562855  -0.469343 -0.0414422 -0.000132371  7.43357e-05  1.27541e-05 -0.0369554 0.00215761   -3.91448  0.025779 0.0155485  -9.80895 
              39.722  0.24557 0.506022 -145.236   4.62881   2.23779 -0.133175 -0.0300861  -0.110332 -0.0170046 -0.00140173 -0.00111517 8.43241e-05  -0.567025  -0.466317 -0.0410287 -0.000117152  6.92047e-05  1.04161e-05 -0.0354422 0.00239943   -3.91517 0.0282165 0.0159727  -9.80895 
              39.822 0.303446 0.478733 -145.494   4.57645   2.19518 -0.134879 -0.0318929  -0.101679 -0.0164232 -0.00143414 -0.00107058 8.74148e-05 -0.562582 -0.453003 -0.048574 -0.000150496  8.00935e-05  2.31175e-06 -0.0336354 0.00307257   -3.91555 0.0310788 0.0171986  -9.80894 
              39.922 0.287962 0.496908 -145.516   4.51797   2.15192 -0.136978 -0.0343395  -0.104651 -0.0166195 -0.00144133 -0.00109412 8.70657e-05  -0.566282  -0.433254 -0.0552084 -0.00013974 7.09604e-05 5.48378e-07 -0.0343262 0.00358307   -3.91596  0.029903 0.0179169  -9.80894 
              40.022 0.303014 0.479108 -145.425   4.46337   2.11107 -0.135953 -0.0355594  -0.100628 -0.0167276 -0.00145896  -0.0010831 8.75593e-05  -0.565368  -0.423383 -0.0497371 -0.000146822  7.83606e-05  3.21217e-06 -0.0334804 0.00402368   -3.91683 0.0312182   0.01866  -9.80893 
              40.122 0.257265 0.479132 -145.128   4.40864   2.07242 -0.132685 -0.0383308 -0.0964234 -0.0171476 -0.00148393 -0.00107767 8.57892e-05  -0.549764  -0.398472 -0.0388061 -0.000116869  7.47379e-05  -1.5044e-05  -0.032578 0.00477126    -3.9179 0.0325551 0.0199263  -9.80893 
              40.222 0.217774 0.500945  -144.69   4.35813   2.03458 -0.132447 -0.0377506  -0.092125  -0.017102 -0.00149566 -0.00106201 8.47471e-05  -0.524876  -0.381964 -0.0408113 -9.18905e-05  5.82504e-05 -3.59143e-06 -0.0316079  0.0047643   -3.91847 0.0340996 0.0200048  -9.80892 
              40.322 0.238776 0.475106 -144.076   4.30888   1.99614 -0.131796 -0.0357189 -0.0887795  -0.016493  -0.0014974 -0.00104148 8.43072e-05  -0.518147  -0.383799 -0.0410535 -0.000101817  6.96439e-05 -1.25935e-05 -0.0307162 0.00442371   -3.91911 0.0354884 0.0195391  -9.80892 
              40.422 0.195426 0.495621 -143.292   4.25816   1.95131 -0.131464 -0.0285283 -0.0907572  -0.014767 -0.00146547 -0.00102962 8.72995e-05   -0.52017  -0.412147 -0.0423774 -7.68725e-05  5.68191e-05 -1.25467e-05 -0.0308238 0.00285773    -3.9197 0.0353838 0.0169869  -9.80892 
              40.522 0.200747 0.475683  -142.37   4.21132   1.91646 -0.134008  -0.032335 -0.0822673 -0.0154184 -0.00150084 -0.00100892 9.05507e-05 -0.505124 -0.388245 -0.051856 -7.29095e-05  6.13634e-05 -3.16107e-06 -0.0290609 0.00387231   -3.91999 0.038088 0.018823 -9.80891 
              40.622 0.203792 0.472247 -141.336   4.15715     1.873 -0.133582 -0.0295273 -0.0878625 -0.0150661  -0.0014789 -0.00101575 8.99099e-05  -0.524503  -0.410981 -0.0502345  -7.1137e-05  6.42512e-05 -2.10792e-05 -0.0300843 0.00314079   -3.92069 0.0364514 0.0175237  -9.80892 
              40.722 0.242374 0.465318  -140.25   4.10116   1.83195 -0.134646 -0.0317838 -0.0905704 -0.0152096 -0.00147527 -0.00102433 9.16344e-05  -0.544241  -0.420162 -0.0537452 -8.67285e-05  6.73042e-05 -1.94918e-05 -0.0306709 0.00355237    -3.9212 0.0354247 0.0181188  -9.80892 
              40.822 0.210656 0.446687 -139.003   4.05456   1.79552 -0.132725 -0.0337248 -0.0801115 -0.0160191 -0.00150379 -0.00100587 9.37301e-05  -0.514295  -0.410185 -0.0461881 -6.12588e-05  6.84165e-05 -2.01359e-05 -0.0284669 0.00419269   -3.92212 0.0388737  0.019453   -9.8089 
              40.922 0.270943 0.405697 -137.644   4.00794   1.75339 -0.132872 -0.0305864 -0.0760647 -0.0162227  -0.00150338 -0.000987204  9.20343e-05  -0.495478  -0.420234 -0.0473427 -9.16146e-05  8.63075e-05 -2.46389e-05 -0.0275294 0.00358564   -3.92271 0.0404639  0.018631   -9.8089 
              41.022  0.23471 0.413375 -136.211   3.96133   1.71706 -0.133824 -0.0345218 -0.0701301 -0.0171644  -0.00152324 -0.000986246  8.67876e-05  -0.479087  -0.392515 -0.0503247  -6.2343e-05  7.42038e-05 -2.48915e-05 -0.0263783  0.0045209   -3.92322 0.0421859 0.0203331  -9.80889 
              41.122 0.196779 0.420514 -134.718   3.92368   1.68211 -0.130653 -0.0325619 -0.0611695 -0.0179743 -0.00154199 -0.00097666 8.64536e-05     -0.409  -0.346383 -0.0395068 -3.52531e-05  6.10816e-05 -2.78532e-05 -0.0244408 0.00421585   -3.92423 0.0453487 0.0202193  -9.80887 
              41.222 0.197997 0.418331 -133.184    3.8796   1.63904 -0.126835 -0.0279488 -0.0680793 -0.0165099  -0.0015276 -0.00096882 8.58035e-05  -0.414979  -0.389661 -0.0311507 -3.20786e-05  6.30117e-05 -2.29925e-05 -0.0256751 0.00297321   -3.92516 0.0434951 0.0180881  -9.80889 
              41.322 0.192055 0.434435 -131.663   3.84147   1.59504 -0.128136 -0.0227912 -0.0681502 -0.0143298  -0.00153399 -0.000956433  8.39047e-05  -0.397811  -0.424693 -0.0401244 -2.51576e-05  5.04697e-05 -2.17309e-05 -0.0254689 0.00185643   -3.92544 0.0439578 0.0163525  -9.80889 
              41.422 0.223443 0.420281 -130.175   3.79844   1.55039 -0.132115 -0.0231023 -0.0712663 -0.0141746  -0.00152537 -0.000950843   8.3573e-05  -0.415119  -0.447108 -0.0549463 -3.65222e-05  5.72718e-05  -2.1802e-05 -0.0261201 0.00183161   -3.92551 0.0429114 0.0161986  -9.80889 
              41.522 0.287538 0.366677 -128.744   3.75878   1.50646 -0.134885 -0.0235593 -0.0690496 -0.0146024  -0.00153041 -0.000957471    8.572e-05  -0.414544  -0.463972 -0.0614348 -6.71095e-05  8.32768e-05 -2.70085e-05 -0.0255867  0.0019401   -3.92588 0.0436865  0.016506  -9.80889 
              41.622 0.244535 0.387251 -127.405   3.71956   1.45866 -0.128884 -0.0222407 -0.0680188 -0.0148898  -0.00154396 -0.000959069  8.80972e-05  -0.402902  -0.476288 -0.0403462 -3.80274e-05  6.66985e-05  -2.9812e-05 -0.0252028 0.00146176   -3.92728 0.0443002 0.0159765  -9.80889 
              41.722 0.251627 0.377967 -126.104   3.68704   1.41347 -0.131182 -0.0203466 -0.0607491 -0.0162012 -0.00157515 -0.00097847 8.76887e-05  -0.366478  -0.460093 -0.0489052 -3.80884e-05  6.43549e-05 -2.85239e-05 -0.0236191 0.00122297   -3.92756 0.0468659 0.0159669  -9.80888 
              41.822 0.264571 0.380105  -124.89    3.6522   1.37525 -0.138084  -0.024035   -0.05741 -0.0166113 -0.00157228 -0.00100467 8.74872e-05  -0.326632  -0.368956 -0.0684397 -3.87097e-05  5.76293e-05 -1.90971e-05 -0.0230107 0.00212646   -3.92742 0.0476204 0.0175135  -9.80887 
              41.922 0.176458  0.46536 -123.811   3.61461   1.32515 -0.136959 -0.0189991 -0.0668158 -0.0150253  -0.00156593 -0.000939633  0.000108805  -0.346423  -0.438985 -0.0606592 1.33593e-05 1.08967e-05 -1.1239e-05  -0.0248117 0.000671802    -3.92831 0.0450879 0.0148738  -9.80889 
              42.022 0.214747 0.437384 -122.888   3.58329   1.26917 -0.136691 -0.0100858 -0.0711324   -0.01019  -0.00160543 -0.000875118  9.38526e-05  -0.335253  -0.500482 -0.0572734 -9.54674e-06  2.76812e-05  1.35981e-07  -0.0252627 -0.00139513    -3.92904 0.0447456 0.0115418  -9.80889 
              42.122 0.235081 0.398012  -121.95   3.55339   1.21084 -0.131769 -0.00415719  -0.0731861  -0.0078634  -0.00162052 -0.000844203  8.48733e-05  -0.320998  -0.555905 -0.0419883 -2.05753e-05  4.92959e-05 -1.00515e-05  -0.0251696 -0.00277581     -3.9302  0.0450031 0.00942744   -9.80889 
              42.222 0.243547 0.370595 -121.148   3.52395   1.16026 -0.132091 -0.00594096  -0.0695251 -0.00858772  -0.00162866 -0.000867095  8.73621e-05  -0.296214  -0.515848 -0.0450026 -2.12084e-05  6.08406e-05  2.33706e-07 -0.0243597 -0.0023219   -3.93067 0.0460904 0.0103689  -9.80889 
              42.322 0.230559 0.360834 -120.471   3.49685   1.10909 -0.126725 -0.00544528  -0.0679587 -0.00898288  -0.00164036 -0.000873143  8.73737e-05  -0.283683  -0.522247 -0.0318052 -1.15036e-05  6.36545e-05 -3.61667e-06  -0.0238865 -0.00248829    -3.93175 0.0467839  0.010303  -9.80888 
              42.422 0.238346 0.369988 -120.006   3.47493   1.06231 -0.128274  -0.0041845  -0.0668393 -0.00879517  -0.00165697 -0.000875024  8.66045e-05  -0.215368   -0.44707 -0.0407702 -1.49953e-05  5.67076e-05 -9.18852e-06  -0.023575 -0.0027434   -3.93197 0.0473144 0.0100048  -9.80888 
              42.522 0.263689 0.369009  -119.69   3.44745   1.01409 -0.132631  -0.0054622  -0.0715919 -0.00992996  -0.00162029 -0.000845893  8.91537e-05  -0.240403   -0.46414 -0.0564379 -2.75544e-05  5.92145e-05 -1.07718e-05  -0.0246528 -0.00262481    -3.93198  0.0456277 0.00988923   -9.80889 
              42.622 0.231879 0.381859  -119.52   3.41808  0.962566 -0.129511 -0.00563465  -0.0779301  -0.0100675  -0.00159256 -0.000808478  8.94462e-05  -0.262367  -0.486513 -0.0479372 -8.46386e-06  5.48881e-05 -1.01069e-05  -0.0256278 -0.00286908    -3.93288  0.0439327 0.00926342    -9.8089 
              42.722 0.268894 0.324126 -119.489   3.39825  0.919144 -0.127156 -0.00532915   -0.072411  -0.0096628  -0.00162829 -0.000845386  9.64776e-05 -0.237446 -0.466877 -0.041778  -2.9794e-05  8.45836e-05 -8.80803e-06  -0.0241057 -0.00280738    -3.93368  0.0460391 0.00980958   -9.80889 
              42.822 0.265458 0.305868 -119.511   3.37967  0.878554 -0.125264  -0.0060493  -0.0668548 -0.00976262  -0.00165399 -0.000874265  9.78458e-05  -0.217572  -0.444228 -0.0385853 -2.74393e-05  9.17324e-05 -3.52514e-06  -0.0227243 -0.00250478    -3.93437 0.0479332 0.0106813  -9.80888 
              42.922 0.281966 0.289267 -119.722  3.35431 0.839023  -0.1239 -0.0104183 -0.0664528 -0.0100326 -0.00163268 -0.00090115 9.83519e-05  -0.233671   -0.42633 -0.0387533 -3.49566e-05  0.000101299  -1.4088e-06   -0.022629 -0.00157422    -3.93494 0.0477111 0.0121404  -9.80888 
              43.022 0.268766 0.287488 -119.932   3.33735  0.798617 -0.122588 -0.00844907  -0.0619547  -0.0100368 -0.00166096 -0.00090791 9.78812e-05  -0.208603  -0.418695 -0.0381808 -2.90571e-05  9.99725e-05 -5.60063e-06  -0.0215182 -0.00186136    -3.93553 0.0494425 0.0120221  -9.80887 
              43.122 0.255036 0.293402 -119.958   3.31943  0.757861 -0.120811 -0.00759927  -0.0597954  -0.0100382  -0.00166443 -0.000897721  9.74041e-05  -0.197328  -0.415955 -0.0371265 -2.16773e-05  9.50545e-05 -8.94936e-06  -0.0209677 -0.00197881    -3.93613 0.0502802 0.0120001  -9.80886 
              43.222  0.31491 0.259484 -119.863   3.3051 0.722292 -0.12662 -0.00725678  -0.0562884  -0.0100638  -0.00166912 -0.000878408  9.74599e-05  -0.151132  -0.343838 -0.0553985 -5.58415e-05  0.000112103 -5.15384e-06  -0.0202132 -0.00194346    -3.93602 0.0514288 0.0122748  -9.80886 
              43.322 0.305873 0.254044 -119.655   3.28907   0.69286 -0.125656  -0.010121 -0.0543578 -0.0107571  -0.00168868 -0.000870841  9.64895e-05  -0.155361  -0.324638 -0.0524476 -4.83041e-05   0.00011314 -4.97318e-07  -0.0197975 -0.00126056    -3.93669 0.0518069 0.0134267  -9.80885 
              43.422  0.33963 0.233415 -119.225  3.27031 0.659215 -0.12818 -0.0109982 -0.0565201 -0.0114747  -0.00169248 -0.000886102  9.67515e-05   -0.17024  -0.329885 -0.0597568 -6.58932e-05  0.000124522  3.85493e-06  -0.0202335 -0.00113172    -3.93699 0.0510698  0.013486  -9.80886 
              43.522 0.281056 0.276811 -118.778   3.24975  0.630343 -0.125056 -0.0146356 -0.0565707 -0.0126461  -0.00171144 -0.000894061  8.87698e-05   -0.18469  -0.314192 -0.0500292 -2.89864e-05  9.77749e-05  9.96928e-06   -0.0201258 -0.000322892      -3.9379  0.050847 0.0147134  -9.80886 
              43.622 0.327279 0.249673 -118.309   3.23405  0.602664 -0.126921 -0.0150833 -0.0535151 -0.0126859  -0.00172185 -0.000891438  8.98451e-05  -0.175062  -0.299588 -0.0550227 -5.38275e-05  0.000109871  2.28957e-05   -0.0194062 -0.000124839     -3.93828   0.05183 0.0152212  -9.80885 
              43.722 0.326383 0.263405 -117.735     3.222  0.574421 -0.131117 -0.0133667 -0.0500651 -0.0126496  -0.00172773 -0.000879704  8.90304e-05  -0.154713  -0.293682 -0.0645545 -5.27218e-05   9.7776e-05  1.23769e-05   -0.0185849 -0.000387317     -3.93848 0.0531364 0.0150749  -9.80884 
              43.822 0.348262 0.253592 -117.379   3.21317  0.544539 -0.139733 -0.0101078  -0.047115 -0.0125843  -0.00175466 -0.000877231   8.7941e-05    -0.1303  -0.296646 -0.0829946 -6.60376e-05   0.00010022  2.39031e-05 -0.0178695 -0.0010033   -3.93836 0.0544207 0.0143742  -9.80884 
              43.922 0.325697 0.254144 -117.006    3.1996  0.519823 -0.132493 -0.0125086 -0.0449937 -0.0127232  -0.00175757 -0.000900596  8.70594e-05  -0.131697  -0.275998 -0.0567824 -5.06405e-05  9.69741e-05  2.46935e-05   -0.0173546 -0.000406138     -3.93986 0.0549231 0.0154195  -9.80883 
              44.022 0.363146 0.208117 -116.608    3.1888  0.494245 -0.130674 -0.0122461 -0.0429028 -0.0127422   -0.0017645 -0.000901455  8.87924e-05  -0.122759  -0.266956 -0.0508548 -7.10825e-05  0.000120421  2.80469e-05   -0.0168494 -0.000395277     -3.94062  0.055649 0.0155953  -9.80883 
              44.122  0.33513 0.215282  -115.83    3.1758  0.471343 -0.125093   -0.01412 -0.0412891 -0.0128758  -0.00177876 -0.000884897  8.62238e-05   -0.12511  -0.251321 -0.0367981 -5.21649e-05  0.000112144   1.5275e-05  -0.0165168 6.23595e-05    -3.94167 0.0559696 0.0163855  -9.80883 
              44.222 0.322592 0.211227 -115.145   3.16093  0.446987 -0.121151 -0.0154595 -0.0417716 -0.0129495  -0.00178281 -0.000889583  8.55517e-05  -0.134692  -0.248049 -0.0307047 -4.26091e-05  0.000112056  2.93668e-05 -0.0166433 0.00033757   -3.94243 0.0556775 0.0167518  -9.80883 
              44.322 0.307086 0.240506 -114.441   3.14919  0.422028 -0.125136 -0.0146465 -0.0410514  -0.012907  -0.00178419 -0.000886902  8.52913e-05  -0.129032  -0.250156 -0.0461593 -3.25903e-05  9.22755e-05  3.92303e-05  -0.0164616 0.000183944    -3.94241 0.0559998 0.0165864  -9.80883 
              44.422 0.315255  0.19324 -113.362   3.13911  0.395663 -0.122292 -0.0127976 -0.0403525 -0.0128037  -0.00176689 -0.000878524  8.47365e-05  -0.117585  -0.255311 -0.0402348 -3.57191e-05  0.000115193  2.19156e-05   -0.0162354 -0.000194973     -3.94316 0.0564593 0.0161065  -9.80882 
              44.522 0.337861 0.164784   -112.1   3.12738  0.370472 -0.116501 -0.0128215 -0.0399837 -0.0128082  -0.00176456 -0.000871611  8.49397e-05   -0.11704  -0.253346 -0.0282952 -4.61573e-05  0.000126795  2.72981e-05   -0.0161351 -0.000177965     -3.94412 0.0565892  0.016168  -9.80882 
              44.622 0.346467 0.152452 -110.687   3.11569  0.347386 -0.120223 -0.0136451 -0.0389315 -0.0128673  -0.00177092 -0.000862271   8.4587e-05  -0.117494  -0.243489 -0.0435033 -4.81942e-05  0.000128027  2.90673e-05  -0.0159337 3.49483e-05     -3.9441 0.0568036  0.016556  -9.80882 
              44.722 0.315776  0.15911 -109.132   3.10568  0.320243 -0.116163 -0.0117996 -0.0394558 -0.0127646  -0.00175942 -0.000867818  8.73706e-05  -0.109699  -0.253814 -0.0352141 -2.92818e-05  0.000118717  1.27064e-05   -0.0159668 -0.000381434     -3.94492 0.0569087 0.0159354  -9.80882 
              44.822 0.352573 0.136321 -107.592   3.09336  0.296238 -0.121933  -0.012866  -0.039296 -0.0128477  -0.00176114 -0.000868105  8.83664e-05  -0.11649 -0.249566 -0.054044 -4.72168e-05  0.000126332   4.0724e-05   -0.0159729 -0.000145367     -3.94477 0.0568056 0.0162752  -9.80882 
              44.922 0.382012 0.127126 -105.947   3.08408  0.266214 -0.131585 -0.0100346 -0.0410068 -0.0126353   -0.0017568 -0.000869072   8.6829e-05  -0.107308  -0.264145 -0.0783393 -6.33371e-05  0.000126318   3.0414e-05     -0.01626 -0.000816485     -3.94442 0.0566899  0.015186  -9.80882 
              45.022 0.377575 0.107284 -104.288  3.06874 0.243906 -0.12557 -0.0132891 -0.0404906 -0.0129458  -0.00175702 -0.000872799  8.58119e-05  -0.125078  -0.247046 -0.0560001 -5.67619e-05   0.00013053  1.89774e-05   -0.0161992 -9.01227e-05     -3.94575 0.0564125  0.016244  -9.80882 
              45.122 0.375086 0.101167 -102.646   3.05522  0.217477 -0.125688 -0.0132169 -0.0415134 -0.0129443  -0.00175643 -0.000871634  8.59064e-05 -0.126931 -0.255033 -0.055362 -5.35413e-05  0.000127963  1.99145e-05   -0.0163868 -0.000139164     -3.94629 0.0561526 0.0160813  -9.80883 
              45.222  0.382236 0.0976937  -101.032   3.04537  0.192181 -0.130014 -0.0118791 -0.0411469 -0.0128347  -0.00176181 -0.000871044  8.58617e-05  -0.109421   -0.24373 -0.0650203 -5.66796e-05  0.000123251  3.69951e-05   -0.0162503 -0.000413935     -3.94645 0.0564753 0.0157625  -9.80882 
              45.322 0.357589 0.105649 -99.3622   3.03648  0.169689 -0.125468 -0.0115552 -0.0398613 -0.0128039  -0.00176488 -0.000874469  8.57255e-05 -0.0942714  -0.227436 -0.0493787 -4.11093e-05  0.000111185  1.73343e-05   -0.0158739 -0.000446092     -3.94753 0.0569624 0.0159107  -9.80882 
              45.422 0.349275 0.133038 -97.7491    3.0253  0.146983 -0.127799 -0.0124948 -0.0404157  -0.012975  -0.00176189 -0.000874624  8.56619e-05 -0.0960794  -0.229036 -0.0556474 -3.40287e-05  8.97671e-05  2.26552e-05   -0.0159992 -0.000272252     -3.94781 0.0566774 0.0160824  -9.80882 
              45.522 0.370757 0.123179  -96.141  3.01707 0.121463 -0.13217 -0.0113679 -0.0412485 -0.0126142   -0.0017646 -0.000870338  8.41724e-05 -0.0881842  -0.241659 -0.0654951 -4.47672e-05  8.99215e-05  2.34454e-05   -0.0161159 -0.000551328     -3.94797 0.0566646 0.0156363  -9.80882 
              45.622  0.368943 0.0851637  -94.5363   3.00672 0.0951706 -0.128072 -0.0117587 -0.0427016 -0.0125494  -0.00176133 -0.000866854  8.29332e-05 -0.0868222  -0.246074 -0.0520808 -4.15599e-05  0.000106138  1.71606e-05   -0.0163212 -0.000579689     -3.94895  0.056325 0.0154908  -9.80883 
              45.722  0.371886 0.0616484   -92.963         3 0.0743853 -0.120481 -0.0118947 -0.0408175 -0.0127821  -0.00176342 -0.000874063  8.40902e-05 -0.0734377  -0.228507 -0.0319918 -4.18607e-05  0.000112244  1.90183e-05   -0.0158045 -0.000557799     -3.95017 0.0569149 0.0158683  -9.80882 
              45.822  0.380515 0.0152987  -91.4187   2.99328 0.0556144  -0.12762 -0.0123767 -0.0388832 -0.0130749  -0.00176514 -0.000882487  8.55518e-05 -0.0688813  -0.213752 -0.0540301 -4.55499e-05  0.000131443  2.71674e-05   -0.0154415 -0.000357941     -3.94989 0.0572847  0.016358  -9.80882 
              45.922  0.368059 0.0754183  -89.8559   2.98458 0.0360479 -0.132156 -0.0135204  -0.038354  -0.013266  -0.00176304 -0.000885488  8.24012e-05 -0.0757429  -0.209273 -0.0645115 -3.7388e-05 9.05707e-05 1.60141e-05   -0.0153641 -0.000105463     -3.95002 0.0572081 0.0167418  -9.80882 
              46.022   0.381825 -0.0243816   -87.7373    2.9839   0.01209 -0.127198 -0.0102122 -0.0385788 -0.0130049  -0.00170489 -0.000898217  7.89596e-05 -0.0474665  -0.221166 -0.0479868 -4.57969e-05  0.000139352  2.26633e-05   -0.0152081 -0.000890159      -3.9511  0.057898 0.0158823  -9.80882 
              46.122  0.368366 -0.068315  -84.4566     2.98026 -0.00998669   -0.121249 -0.00982972  -0.0383354  -0.0129978   -0.001662 -0.00088331 7.96609e-05 -0.0412902  -0.222449 -0.0332278 -3.94492e-05  0.000151295  2.70535e-05  -0.0150965 -0.00101899    -3.95212 0.0580936 0.0158298  -9.80882 
              46.222  0.345729 0.0222272   -80.277    2.97133 -0.0318994  -0.123749  -0.011983 -0.0385295 -0.0130274  -0.00179062 -0.000833228  7.54372e-05 -0.0583131  -0.226695  -0.043872 -2.80813e-05  8.43362e-05  1.63464e-05  -0.0152261 -0.00058512    -3.95223 0.0575964 0.0162594  -9.80882 
              46.322   0.350173 -0.0305645   -75.6077    2.96436 -0.0575444  -0.127482 -0.0123062 -0.0397505  -0.012994  -0.00184213 -0.000877116  7.48078e-05 -0.0609285  -0.244293 -0.0550733 -3.00998e-05  9.87375e-05  2.57235e-05   -0.0154902 -0.000576071     -3.95233 0.0572773 0.0160504  -9.80882 
              46.422  0.327809 -0.106936  -70.6296    2.96688 -0.0881648  -0.127307 -0.00859798  -0.0415957  -0.0132877 -0.00180976 -0.00104902 6.70595e-05 -0.0206413  -0.281817 -0.0528193 -2.20148e-05  0.000125711   1.6575e-05  -0.0157118 -0.00141717    -3.95289 0.0578017 0.0149261  -9.80882 
              46.522 0.338629 -0.11123 -65.5992   2.96555  -0.12265 -0.130164 -0.0083476 -0.0438322 -0.0131767 -0.00187817 -0.00106406 6.93003e-05 -0.0121831  -0.316798 -0.0594962 -3.42162e-05  0.000112807  1.77121e-05  -0.0161556 -0.00157029    -3.95314 0.0575038 0.0143291  -9.80882 
              46.622   0.322478 -0.0628545   -60.5607   2.96185 -0.162272 -0.122205 -0.00948867  -0.0462326  -0.0125632 -0.00195856 -0.00100885 7.54478e-05 -0.0144456  -0.355487 -0.0369331 -3.02537e-05  6.96421e-05  2.33824e-05 -0.0167876 -0.0014729   -3.95442 0.0568645 0.0137889  -9.80883 
              46.722  0.243923 -0.230004  -55.4982   2.96469  -0.20508 -0.115938 -0.00838176  -0.0487034   -0.012655 -0.00206481 -0.00101095 5.62534e-05   0.011836  -0.388315 -0.0238299 9.21437e-06 0.000150199 1.32093e-05  -0.0173208 -0.00180747    -3.95536 0.0568899 0.0129651  -9.80883 
              46.822   0.23899 -0.229042  -50.4645   2.96854 -0.242877 -0.121636 -0.00767459  -0.0486375  -0.0128885 -0.00207002 -0.00103581 5.53375e-05  0.0401577  -0.383334 -0.0440687 -3.26685e-07  0.000137392  1.70408e-05  -0.0172434 -0.00193043    -3.95512 0.0570831 0.0129681  -9.80883 
              46.922  0.224837 -0.229153  -45.4261   2.97704 -0.285255 -0.118601 -0.00703471  -0.0501424  -0.0127489 -0.00214308 -0.00103346 5.92864e-05  0.0817966  -0.396156 -0.0369289 -4.57813e-06  0.000126447  1.72615e-05  -0.0175893 -0.00213294    -3.95585 0.0572286 0.0124997  -9.80883 
              47.022  0.219422 -0.248528  -40.3744   2.98681 -0.317144 -0.130328 -0.00543797  -0.0483308  -0.0139479 -0.00208356 -0.00111102 5.58621e-05   0.101986  -0.360521 -0.0690084  -1.437e-05 0.000125154 1.22859e-05  -0.0171154 -0.00229032    -3.95519 0.0575349 0.0130556  -9.80882 
              47.122  0.243766 -0.216693  -35.3454   3.00208 -0.350306 -0.133781 -0.00382172  -0.0484367  -0.0143506 -0.00211438 -0.00117066 5.42992e-05   0.135758  -0.337217 -0.0714081 -4.17645e-05  9.61319e-05  1.35944e-05  -0.0171349 -0.00262139    -3.95557 0.0579541 0.0131134  -9.80882 
              47.222 0.214517 -0.26633 -30.3146   3.01325 -0.384124 -0.136661 -0.00483543  -0.0476728  -0.0145326  -0.0020862 -0.00114504 5.49482e-05    0.14172  -0.330915 -0.0726914 -3.59299e-05  0.000111938  6.19569e-06  -0.0170987 -0.00250584      -3.956 0.0577351 0.0131481  -9.80882 
              47.322  0.183439 -0.288144  -25.3462   3.02865 -0.419962 -0.136832 -0.00585474  -0.0481833  -0.0139931  -0.0021088 -0.00111545  5.3406e-05   0.160124  -0.331825 -0.0664338 -3.12036e-05  0.000114337 -6.51824e-07  -0.0172767 -0.00249729    -3.95669 0.0577424 0.0129441  -9.80882 
              47.422  0.129965 -0.339666  -20.4334   3.04709 -0.446781 -0.141852 -0.00403738  -0.0477386  -0.0145827 -0.00211319 -0.00119303 5.71173e-05   0.181924  -0.297273 -0.0733317 -1.64365e-05  0.000134791 -1.36877e-05  -0.0171961 -0.00281682    -3.95692  0.057936 0.0133291  -9.80882 
              47.522 0.0839779 -0.365814  -15.6561   3.06647 -0.473611 -0.140869 -0.00377378  -0.0473943  -0.0147865 -0.00211913 -0.00122561 5.72654e-05   0.199154  -0.269349 -0.0632575 -6.91161e-06  0.000143636 -1.07857e-05  -0.0172109 -0.00302863    -3.95774 0.0579896 0.0135088  -9.80882 
              47.622 0.0738919 -0.355433  -10.9938   3.08075 -0.494041 -0.140306 -0.00285702  -0.0447828  -0.0162075 -0.00205257 -0.00130407 5.07412e-05   0.192478  -0.235532 -0.0568533 -1.87509e-05  0.000132453 -1.13169e-05  -0.0168735 -0.00330492    -3.95843 0.0575659 0.0139176  -9.80882 
              47.722 0.0321499 -0.367248  -6.45682    3.0949 -0.515732 -0.139436 -0.0032651 -0.0430665 -0.0168842 -0.00200235 -0.00132233 4.98407e-05   0.171089  -0.208844 -0.0518821  -1.0945e-05  0.000135092 -1.73824e-05  -0.0166696 -0.00338207    -3.95907 0.0572455 0.0139384  -9.80882 
              47.822 0.0289295 -0.324365  -2.09803     3.118 -0.535443 -0.135786 -0.00337536  -0.0447241  -0.0161382 -0.00206973 -0.00131163 5.33235e-05   0.202948  -0.191982 -0.0401658 -2.48059e-05  0.000110486 -1.60997e-05 -0.0170018  -0.003523   -3.95993 0.0576154 0.0141171  -9.80882 
              47.922 0.000218101   -0.340292     2.09009  3.13219 -0.55578 -0.13122 -0.00436085  -0.0425492   -0.016932 -0.00200623  -0.0013232 5.53083e-05  0.183504 -0.183591 -0.030713 -2.14649e-05  0.000117199 -9.19191e-06  -0.0167041 -0.00356371    -3.96072 0.0572402 0.0138802  -9.80882 
              48.022 -0.0812577  -0.336561    6.11638    3.1472 -0.568371 -0.130333 -0.00264822  -0.0420828   -0.017293  -0.0020184 -0.00138135 6.19427e-05   0.152144  -0.152635 -0.0320744  1.02006e-05  0.000115139 -1.19242e-05  -0.0166926 -0.00392751    -3.96114 0.0569387 0.0142239  -9.80882 
              48.122 -0.0919732  -0.315699     9.9366   3.17042 -0.580734 -0.126529 -0.00280491  -0.0446776  -0.0164131 -0.00208365 -0.00135335  6.2052e-05   0.203054  -0.125606 -0.0245837   3.6977e-06  0.000107843 -7.31843e-06  -0.0171206 -0.00395636    -3.96185  0.057362 0.0146416  -9.80882 
              48.222 -0.117628 -0.299483   13.5939    3.1915 -0.590572 -0.122964 -0.00253838  -0.0450819  -0.0162243 -0.00209734 -0.00136126 6.16106e-05   0.217773 -0.0966015 -0.0201968  6.71996e-06  0.000102134 -7.53862e-07 -0.0171881 -0.0040887   -3.96245 0.0573162  0.014801  -9.80882 
              48.322 -0.200521 -0.279275   17.0141   3.21578 -0.602474 -0.122732 -0.0039238  -0.045376 -0.0158877 -0.00208624 -0.00133334 5.89064e-05   0.233233 -0.0938497 -0.0259143  4.45179e-05  9.49996e-05 -1.14403e-05  -0.0171965 -0.00388056    -3.96269 0.0576029 0.0146753  -9.80882 
              48.422 -0.199328 -0.262246   20.1755   3.23349 -0.608675 -0.116387 -0.00244357  -0.0441779  -0.0168078 -0.00209713 -0.00138192 5.63295e-05   0.181691 -0.0890816 -0.0145842  3.42111e-05  9.08047e-05 -9.71174e-06  -0.0170946 -0.00431314    -3.96354 0.0570592 0.0146993  -9.80882 
              48.522 -0.186035 -0.279082   23.1346   3.24766 -0.615971 -0.124505 -0.00102832  -0.0438969  -0.0170803 -0.00211021 -0.00140637 5.53163e-05   0.145581 -0.0920131 -0.0432119  1.8152e-05 0.000105771 -1.0854e-05  -0.0170583 -0.00450425    -3.96299 0.0567491 0.0147412  -9.80882 
              48.622 -0.192211 -0.248253   25.8624    3.2641 -0.620939 -0.120894 -0.000618929   -0.0457945   -0.0161883 -0.00213923 -0.00138906 5.68247e-05    0.12569 -0.0844408 -0.0335671  1.39411e-05  9.43213e-05 -5.84881e-06  -0.0173389 -0.00459078    -3.96378 0.0567431 0.0152007  -9.80882 
              48.722 -0.224248 -0.230334   28.3712   3.27705 -0.623097 -0.117703  0.0007284 -0.0479192 -0.0145919 -0.00217772 -0.00138035 6.04636e-05   0.127491 -0.0446856 -0.0273872 2.51669e-05 9.01158e-05 5.66914e-07  -0.0176567 -0.00481844    -3.96444 0.0564987 0.0157573  -9.80882 
              48.822 -0.231569 -0.215965   30.6691    3.2981 -0.617317 -0.116543 0.00117245 -0.0532202 -0.0125934 -0.00222501 -0.00131803 6.08075e-05   0.165496   0.011414 -0.0271397 2.38016e-05 9.00777e-05 6.92607e-06  -0.0185246 -0.00472433    -3.96488 0.0566689 0.0170563  -9.80882 
              48.922 -0.230736 -0.212186   32.8001   3.31927 -0.620253 -0.119289 -0.00142062  -0.0542611  -0.0130522 -0.00220077 -0.00128923 6.13494e-05     0.16587 -0.00889402  -0.0382376  2.03181e-05  9.32412e-05 -9.80502e-08  -0.0186042 -0.00418851    -3.96493  0.057408 0.0171961  -9.80882 
              49.022 -0.261273 -0.207746   34.7439   3.33299 -0.617555 -0.118719 7.82587e-05  -0.0547402  -0.0125587 -0.00221863 -0.00129647  6.3344e-05   0.157099  0.0192632 -0.0381616 3.26172e-05  9.5142e-05 9.91394e-07  -0.0186435 -0.00450374    -3.96537 0.0569789 0.0172964  -9.80882 
              49.122  -0.21295 -0.227373   36.5491   3.35043 -0.612254 -0.122935 0.000392212  -0.0561017  -0.0122097 -0.00222622 -0.00128429 6.03615e-05   0.170987  0.0418072 -0.0499087  1.26732e-06  0.000111156 -5.92688e-06  -0.0189252 -0.00451079     -3.9654 0.0569244 0.0176817  -9.80882 
              49.222 -0.255742 -0.214403    38.123   3.36288 -0.611828 -0.124344 0.000749003  -0.0536917  -0.0125462 -0.00222252  -0.0013171 5.79874e-05  0.139958 0.0231799 -0.052804 2.17896e-05 0.000105365 4.42735e-06  -0.0183915 -0.00472024    -3.96574 0.0567607 0.0169593  -9.80882 
              49.322 -0.211717 -0.239673   39.5572   3.36938 -0.610286 -0.126447 0.00287604 -0.0523301 -0.0129358 -0.00224276 -0.00133697 5.67705e-05   0.100382  0.0177081 -0.0563359 -7.49917e-06  0.000122062  1.83379e-06  -0.0181768 -0.00523618    -3.96605 0.0561284 0.0165641  -9.80883 
              49.422 -0.264692 -0.209075   40.8266   3.38374 -0.603292 -0.127483 0.00224854 -0.0550823 -0.0127998 -0.00224046 -0.00131167 6.18653e-05     0.1287   0.063487 -0.0547256 1.98858e-05 0.000108767 2.55967e-06   -0.018646 -0.00502412    -3.96654 0.0562813 0.0173002  -9.80882 
              49.522 -0.283178 -0.213859   41.9861   3.39859 -0.601414 -0.127891 0.000526709  -0.0535535  -0.0135214 -0.00222746 -0.00132622 6.05954e-05   0.147502  0.0607855 -0.0532602 2.89191e-05 0.000113332 5.83554e-06  -0.0182113 -0.00477363    -3.96701 0.0567644 0.0168385  -9.80882 
              49.622 -0.267105 -0.216331   43.0109   3.40277 -0.596564 -0.126403 0.00361657   -0.05091 -0.0144275 -0.00225439 -0.00134545 5.92282e-05  0.0952072  0.0635533 -0.0478845 1.57555e-05 0.000115656 1.71375e-05  -0.0177726 -0.00557267    -3.96763 0.0558812 0.0160078  -9.80883 
              49.722 -0.266405 -0.191276    43.916    3.4109   -0.5922 -0.120905  0.0034234  -0.049791 -0.0144782 -0.00225671 -0.00135273 5.86243e-05  0.0997116  0.0692015 -0.0322863  1.3499e-05  0.00010292 1.75548e-05  -0.0175859 -0.00565184     -3.9686 0.0558977 0.0157256  -9.80883 
              49.822 -0.253937 -0.189435   44.7321    3.4217 -0.587902  -0.11929  0.0025279 -0.0486112 -0.0145154 -0.00225439 -0.00136076 5.92516e-05  0.107995 0.0719023 -0.030831 5.40239e-06 0.000102998 1.07081e-05 -0.0173329 -0.0055523   -3.96907 0.0561544 0.0154287  -9.80883 
              49.922 -0.286182 -0.177558   45.4687   3.42734   -0.5874 -0.121477 0.00287943 -0.0449857 -0.0145666 -0.00226581 -0.00137686 5.76731e-05  0.0824665  0.0539069 -0.0406196 2.20724e-05 9.54454e-05 8.13174e-06  -0.0165891 -0.00578845    -3.96915 0.0561577 0.0143682  -9.80883 
              50.022 -0.291357 -0.171025   46.0969    3.4366 -0.580962  -0.11815 0.00250765 -0.0452633 -0.0145016 -0.00226359 -0.00137531 5.75322e-05  0.0901582   0.072715 -0.0321032 2.40235e-05 9.33684e-05 6.66273e-06  -0.0167116 -0.00574743    -3.96986 0.0562047 0.0145176  -9.80883 
              50.122 -0.293858 -0.160142   46.6194   3.44396 -0.575584 -0.116741 0.00263629 -0.0440962 -0.0146065 -0.00226788 -0.00138104  5.7455e-05  0.0845089  0.0698293 -0.0312587 2.44058e-05  8.7735e-05 9.66933e-06  -0.0165164 -0.00585489    -3.97031 0.0561799 0.0142061  -9.80883 
              50.222 -0.292423 -0.177368   47.0899   3.44799  -0.57133 -0.121588 0.00374425 -0.0422404 -0.0148375 -0.00227914 -0.00138546 5.95401e-05  0.0646308  0.0617252 -0.0472308 2.21349e-05 9.75558e-05 8.08182e-06  -0.0161542 -0.00615973    -3.97017  0.055944 0.0136124  -9.80883 
              50.322 -0.367625 -0.140099   47.5133   3.45276 -0.569294 -0.119445 0.00349864 -0.0400649 -0.0149462 -0.00228725 -0.00139327 5.48896e-05   0.062639  0.0557762 -0.0407999 6.39742e-05 7.64664e-05 3.12944e-06  -0.0157214 -0.00623663    -3.97081 0.0560735 0.0130191  -9.80883 
              50.422 -0.354574 -0.159661   47.8673   3.45595 -0.565294 -0.125083 0.00443955 -0.0386268 -0.0149295 -0.00229605 -0.00139405 5.67934e-05  0.0538361  0.0610701 -0.0561337 5.53664e-05 8.77672e-05 6.91703e-06  -0.0154461 -0.00649521    -3.97069   0.05587 0.0125539  -9.80883 
              50.522  -0.34726 -0.161568   48.1585   3.46012 -0.561873 -0.126258  0.0043051 -0.0372127 -0.0148663 -0.00230097 -0.00139877  5.6516e-05  0.0493291  0.0574722 -0.0557746 5.06794e-05 8.88083e-05 1.14374e-05  -0.0151513 -0.00653674    -3.97112  0.055965 0.0121609  -9.80883 
              50.622 -0.336164 -0.151847   48.4106   3.46338 -0.557571 -0.123529 0.00459181 -0.0362286 -0.0148971 -0.00230567 -0.00139857 5.61192e-05   0.045024  0.0583104 -0.0452134 4.36687e-05  8.3378e-05 1.16007e-05  -0.0149899 -0.00665703    -3.97189 0.0559097 0.0118907  -9.80883 
              50.722 -0.315797 -0.166187    48.647   3.46658 -0.551182 -0.123801 0.00529944 -0.0356225  -0.014937 -0.00230866 -0.00139486 5.61061e-05  0.0391097  0.0586935 -0.0449198  3.1248e-05  9.1647e-05 7.95826e-06   -0.014907 -0.00684326    -3.97231 0.0557257 0.0116936  -9.80883 
              50.822 -0.335948 -0.145652    48.831   3.47112 -0.550439  -0.11937 0.00415037 -0.0336324 -0.0146403 -0.00231611 -0.00140267 5.26728e-05  0.0423527   0.043457 -0.0327687  4.2898e-05 7.92917e-05 1.62597e-05  -0.0144852 -0.00667346    -3.97313 0.0561518 0.0112237  -9.80883 
              50.922 -0.360442 -0.147595   48.9933   3.47466 -0.549161 -0.122586 0.00388675 -0.0322639  -0.014627 -0.00232247  -0.0014051 5.20457e-05  0.0391842  0.0351579 -0.0435765 5.65207e-05 8.00801e-05  2.2629e-05  -0.0141784 -0.00667029    -3.97316 0.0563012 0.0108434  -9.80883 
              51.022 -0.319736 -0.183628   49.1451   3.47845 -0.545072 -0.126727 0.00405125 -0.0322741 -0.0145981 -0.00232234  -0.0014042  5.1793e-05 0.0425944 0.0454861 -0.053505 3.30423e-05 0.000100771 2.02883e-05  -0.0141867 -0.00670548    -3.97322 0.0562535 0.0108373  -9.80883 
              51.122 -0.327845 -0.187705   49.2594   3.48175 -0.542203 -0.128552 0.00411763 -0.0314923 -0.0145793 -0.00232603 -0.00140424 5.17425e-05  0.0387522  0.0425055 -0.0549836 3.72647e-05 0.000102697 2.33172e-05  -0.0140092 -0.00674551    -3.97358 0.0562837 0.0106037  -9.80883 
              51.222 -0.338436 -0.184308   49.3614   3.48458 -0.539081 -0.130064 0.00429947 -0.0309166 -0.0145584 -0.00232906 -0.00140363 5.13337e-05  0.0345307   0.042007 -0.0552033 4.28194e-05 0.000100475 1.84124e-05   -0.013881 -0.00680259    -3.97397 0.0562696 0.0104234  -9.80883 
              51.322 -0.301898  -0.20021   49.4445   3.48623 -0.536942 -0.126364 0.00463393 -0.0299897 -0.0145255 -0.00233377 -0.00140106 5.14911e-05  0.0280461  0.0379212 -0.0418888 2.17079e-05 0.000108909 1.56666e-05  -0.0136695 -0.00690217    -3.97483 0.0562382 0.0101274  -9.80883 
              51.422 -0.309276 -0.187111   49.5051   3.48885   -0.5351 -0.122859  0.0043764 -0.0293185 -0.0145381  -0.0023379 -0.00140251 5.08512e-05  0.0278793   0.034404 -0.0323846 2.58198e-05 0.000101016 1.87204e-05  -0.0134915 -0.00686264    -3.97555  0.0563619 0.00993827   -9.80883 
              51.522 -0.307283 -0.180527    49.558  3.49082 -0.53258 -0.11931 0.00449643 -0.0289694 -0.0145259 -0.00234064 -0.00140213  5.0652e-05   0.023966  0.0329081 -0.0250556 2.44306e-05 9.71797e-05 1.69408e-05  -0.0133985 -0.00689796    -3.97619  0.0563558 0.00981911   -9.80883 
              51.622  -0.26259 -0.221283   49.5962   3.49092 -0.530196  -0.12695 0.00520723 -0.0281663 -0.0144484 -0.00234525 -0.00139891 5.23326e-05  0.0143423  0.0302168 -0.0490174 -1.31517e-06  0.000119581  1.84239e-05  -0.0132601 -0.00709113    -3.97576  0.0561903 0.00955427   -9.80883 
              51.722 -0.302372 -0.184941   49.6241   3.49294 -0.529365 -0.122263   0.004628 -0.0275887 -0.0145293 -0.00235013 -0.00140299 5.03144e-05  0.0177883  0.0264218 -0.0345072 2.13784e-05 9.85624e-05 1.96011e-05  -0.0130668 -0.00697755    -3.97665  0.0564052 0.00939421   -9.80883 
              51.822 -0.321992  -0.15356   49.6454   3.49388 -0.528431 -0.117527 0.00463746 -0.0269677 -0.0145301 -0.00235537 -0.00140383 4.92597e-05  0.0128083  0.0214874 -0.0236676 3.23088e-05 8.03259e-05  2.0644e-05   -0.012889 -0.00699978    -3.97741  0.0564502 0.00918928   -9.80883 
              51.922  -0.32758 -0.151689   49.6631   3.49469 -0.527665 -0.116762 0.00453847 -0.0265273 -0.0145391 -0.00235837  -0.0014044 4.94033e-05 0.00954131  0.0179011 -0.0258283  3.5381e-05 7.88394e-05 2.09253e-05  -0.0127698 -0.00699241    -3.97773  0.0565093 0.00905744   -9.80883 
              52.022 -0.305669 -0.161735   49.6789   3.49633 -0.525663 -0.116477 0.00430504 -0.0267486 -0.0145771  -0.0023575 -0.00140571  4.9205e-05  0.0127451  0.0223538 -0.0283677 2.30221e-05 8.44547e-05 1.98786e-05  -0.0127915 -0.00693044    -3.97802 0.0565692 0.0091215  -9.80883 
              52.122 -0.305008 -0.166979   49.6895   3.49814  -0.52433 -0.116894 0.00396177 -0.0265293 -0.0146413 -0.00235915 -0.00140724 4.93646e-05  0.0152007  0.0221873 -0.0322225 2.27557e-05 8.70649e-05 1.97939e-05  -0.0127103 -0.00685958    -3.97828  0.0566859 0.00906546   -9.80883 
              52.222  -0.30876 -0.172224   49.6945   3.49917 -0.522872 -0.119201 0.00400435 -0.0261716 -0.0146392  -0.0023611  -0.0014066 4.93784e-05  0.0133106  0.0222719 -0.0400432  2.4763e-05 8.95504e-05 2.14376e-05  -0.0126212 -0.00688225    -3.97839  0.0566966 0.00895356   -9.80883 
              52.322 -0.305264 -0.171561   49.7019    3.5006 -0.521268  -0.11938 0.00384395 -0.0260582 -0.0146573  -0.0023621 -0.00140724 4.94037e-05  0.0125834  0.0215009 -0.0402077 2.27861e-05 8.88754e-05  2.0664e-05  -0.0125648 -0.00684875    -3.97877  0.0567558 0.00891376   -9.80883 
              52.422 -0.303871  -0.17969   49.7065   3.50171 -0.519739 -0.121329 0.00378242 -0.0258353 -0.0146644 -0.00236348 -0.00140725 4.94384e-05  0.0122545  0.0221646 -0.0449221 2.19528e-05 9.30668e-05 2.01487e-05  -0.0124978 -0.00684204    -3.97899  0.0567902 0.00884404   -9.80883 
              52.522 -0.303365 -0.178962   49.7109   3.50246  -0.51873 -0.122156 0.00375431 -0.0253949 -0.0146721 -0.00236622 -0.00140678 4.93579e-05  0.0107489  0.0207061 -0.0455505    2.16e-05 9.21379e-05 1.88159e-05   -0.012373 -0.00685036    -3.97935 0.0568297  0.008704  -9.80883 
              52.622  -0.30091 -0.174399   49.7128   3.50323 -0.517406 -0.119853 0.00373056 -0.0252198 -0.0146772 -0.00236789 -0.00140659 4.93259e-05 0.00962826  0.0208922 -0.0377667 2.01413e-05 8.92241e-05 1.80287e-05  -0.0122948 -0.00684915    -3.97999  0.0568569 0.00863085   -9.80883 
              52.722 -0.306928 -0.171435   49.7125   3.50367 -0.516075 -0.119683 0.00377009 -0.0249649 -0.0146733 -0.00236967 -0.00140613 4.92689e-05 0.00755486  0.0208451  -0.037563 2.34326e-05 8.71462e-05 1.75325e-05  -0.0122164 -0.00686588    -3.98037  0.0568662 0.00854182   -9.80883 
              52.822 -0.308112 -0.174279   49.7102   3.50487 -0.514747 -0.120424 0.00348879 -0.0247983 -0.0147097 -0.00237117 -0.00140754 4.92518e-05 0.00971254  0.0211692  -0.039646  2.4186e-05 8.83888e-05 1.77158e-05  -0.0121513 -0.00680451    -3.98068  0.0569619 0.00849957   -9.80883 
              52.922 -0.308226 -0.173714    49.712   3.50513 -0.513656 -0.120236  0.0035672 -0.0244035 -0.0147013  -0.0023736 -0.00140655 4.92679e-05 0.00730143  0.0205824 -0.0388552 2.41151e-05 8.75881e-05 1.50978e-05  -0.0120398 -0.00683467    -3.98108  0.0569687 0.00836726   -9.80883 
              53.022  -0.31243 -0.169645   49.7061   3.50586 -0.512608 -0.119482  0.0034028 -0.0241209 -0.0147189 -0.00237575  -0.0014072 4.92061e-05 0.00779311  0.0202365 -0.0366702 2.65004e-05 8.48681e-05 1.64793e-05  -0.0119449 -0.00680323    -3.98152  0.0570395 0.00828091   -9.80883 
              53.122 -0.308359 -0.171159   49.7028   3.50627 -0.512152 -0.118699 0.00329084  -0.023592 -0.0147278 -0.00237913 -0.00140706 4.93248e-05 0.00680805  0.0174595 -0.0350122 2.41481e-05 8.51835e-05 1.59507e-05 -0.0117955 -0.0067923   -3.98195  0.0571091 0.00812196   -9.80883 
              53.222 -0.308983 -0.169916   49.6975    3.5067 -0.511755 -0.118626 0.00317161 -0.0231345 -0.0147372 -0.00238205  -0.0014071 4.93256e-05 0.00625762  0.0154014 -0.0355546 2.42368e-05 8.41091e-05  1.6036e-05   -0.011667 -0.00677736     -3.9823  0.0571753 0.00798708   -9.80883 
              53.322 -0.312562 -0.163936    49.691    3.5072 -0.510751 -0.118238 0.00311704 -0.0229775 -0.0147422 -0.00238331 -0.00140723 4.92859e-05 0.00624193  0.0168693 -0.0349862 2.61107e-05 8.04495e-05 1.65653e-05   -0.011611 -0.00676723    -3.98268  0.0572058 0.00793476   -9.80883 
              53.422 -0.304335 -0.170696   49.6824   3.50758 -0.510003 -0.118409 0.00305346 -0.0226608 -0.0147468 -0.00238525 -0.00140708 4.94486e-05 0.00570314  0.0163667 -0.0360539 2.14104e-05 8.38257e-05 1.84103e-05  -0.0115194 -0.00676044    -3.98301  0.0572472 0.00783878   -9.80883 
              53.522 -0.312773 -0.172395    49.679   3.50863 -0.509693  -0.11843 0.00269172 -0.0223135 -0.0147814 -0.00238786 -0.00140867 4.92772e-05 0.00795504  0.0144358 -0.0364116 2.62864e-05 8.43362e-05 1.74071e-05  -0.0114098 -0.00668301    -3.98336  0.0573763 0.00775089   -9.80883 
              53.622 -0.318728 -0.168477   49.6725   3.50951 -0.509523 -0.118894 0.00246039 -0.0219553 -0.0148029 -0.00239037 -0.00140957 4.91167e-05 0.00794664  0.0119702 -0.0378302 2.96879e-05 8.16614e-05 1.82787e-05  -0.0113033 -0.00663714    -3.98368  0.0574678 0.00765334   -9.80883 
              53.722 -0.323737 -0.163607   49.6711   3.50984 -0.509459 -0.117407 0.00243583 -0.0215849  -0.014806 -0.00239291 -0.00140928 4.90238e-05 0.00659945  0.0112025 -0.0337579 3.24127e-05 7.84767e-05 1.63405e-05 -0.0111911 -0.0066402   -3.98418 0.0575034 0.0075348  -9.80883 
              53.822 -0.315713 -0.166375   49.6652   3.51042 -0.508423 -0.117574 0.00242962  -0.021582 -0.0148073 -0.00239311 -0.00140918 4.90082e-05 0.00676725  0.0142083 -0.0349053 2.78011e-05 7.97841e-05 1.70841e-05  -0.0111752 -0.00663687     -3.9845  0.0575102 0.00752509   -9.80883 
              53.922 -0.32654 -0.15928  49.6612   3.51009 -0.507489 -0.117483  0.0026677 -0.0213231 -0.0147806 -0.00239453 -0.00140755 4.89966e-05 0.00309803  0.0158688 -0.0351653 3.40042e-05 7.54321e-05 1.65429e-05  -0.0111033 -0.00670063    -3.98485   0.057462 0.00742693   -9.80883 
              54.022 -0.330445 -0.165577   49.6599   3.51025 -0.507259 -0.119046 0.00251446 -0.0208623 -0.0147936 -0.00239744 -0.00140775 4.91145e-05 0.00234891  0.0134548 -0.0396958 3.63326e-05 7.84857e-05 1.46034e-05  -0.0109768 -0.00667651    -3.98505  0.0575353 0.00729755   -9.80883 
              54.122 -0.330559 -0.158315   49.6513   3.51066 -0.507592 -0.118684 0.00221486  -0.020394 -0.0148212 -0.00240067 -0.00140882 4.90999e-05 0.00333373  0.0102702 -0.0379862 3.65195e-05 7.38905e-05 1.68637e-05  -0.0108342 -0.00661512    -3.98547  0.0576541 0.00716885   -9.80883 
              54.222 -0.325114 -0.161459   49.6472    3.5113 -0.507084 -0.118222 0.00202446 -0.0203204 -0.0148425 -0.00240154 -0.00140961 4.91785e-05 0.00501388  0.0118448 -0.0362652 3.34701e-05  7.5399e-05 1.67092e-05  -0.0107913 -0.00656788    -3.98588 0.0577192 0.0071471  -9.80883 
              54.322 -0.331948 -0.162492   49.6432   3.51078 -0.506873 -0.118939 0.00220152 -0.0198952 -0.0148219 -0.00240379   -0.001408 4.92372e-05 0.00110353  0.0113387 -0.0382115  3.7107e-05 7.54922e-05  1.6598e-05  -0.0106789 -0.00662238    -3.98617  0.0576969 0.00700718   -9.80883 
              54.422 -0.332148  -0.16077    49.641   3.51152 -0.506076 -0.118125 0.00193198  -0.019928 -0.0148513 -0.00240426 -0.00140954 4.92583e-05 0.00407071  0.0137717 -0.0354132 3.72502e-05 7.43326e-05 1.58205e-05  -0.0106586 -0.00655183    -3.98661  0.0577788 0.00701981   -9.80883 
              54.522 -0.313557 -0.171303   49.6386   3.51214 -0.505779 -0.117695 0.00171123  -0.019662 -0.0148731 -0.00240611 -0.00141005 4.96169e-05 0.00537663  0.0127092 -0.0344383 2.68152e-05 7.98773e-05 1.52997e-05  -0.0105692 -0.00650252    -3.98699  0.0578627 0.00694598   -9.80883 
              54.622 -0.317405 -0.171503   49.6322   3.51238  -0.50596 -0.118394 0.00160104  -0.019182 -0.0148817 -0.00240898 -0.00140999 4.94753e-05 0.00438111  0.0100349 -0.0367387 2.89628e-05 7.94519e-05   1.703e-05  -0.0104348 -0.00648754    -3.98726  0.0579252 0.00680774   -9.80883 
              54.722 -0.312515 -0.171429   49.6329   3.51225 -0.505392 -0.118705 0.00170397 -0.0190075 -0.0148706 -0.00240999 -0.00140908  4.9453e-05 0.00249447  0.0115047 -0.0372771 2.60543e-05  7.9077e-05  1.4841e-05 -0.0103801 -0.0065159   -3.98759  0.0579104 0.00674357   -9.80883 
              54.822 -0.308618 -0.171915   49.6271   3.51253 -0.504723 -0.117493 0.00161327 -0.0189293 -0.0148802 -0.00241084 -0.00140942 4.94498e-05 0.00322871  0.0130227 -0.0336446 2.38326e-05 7.90695e-05 1.63937e-05  -0.0103378 -0.00649221    -3.98806  0.0579474 0.00671444   -9.80883 
              54.922  -0.31373 -0.176304   49.6211    3.5129 -0.504641 -0.119269 0.00142726 -0.0185538 -0.0148978 -0.00241322 -0.00141003 4.93659e-05 0.00358834  0.0109167 -0.0388399 2.69316e-05 8.11632e-05 1.80579e-05   -0.010231 -0.00645534    -3.98823   0.058024 0.00661328   -9.80883 
              55.022 -0.294456 -0.182866   49.6206   3.51305 -0.504561 -0.119449 0.00135301 -0.0182621 -0.0149042 -0.00241509 -0.00140981 4.95601e-05 0.00329179 0.00975274  -0.038468  1.6247e-05 8.45465e-05 1.65759e-05  -0.0101402 -0.00644254    -3.98859  0.0580666 0.00652504   -9.80883 
              55.122 -0.293502 -0.185477   49.6184   3.51307 -0.504621 -0.119833 0.00130182 -0.0179454 -0.0149081 -0.00241708 -0.00140959 4.95272e-05 0.00254537 0.00843376 -0.0387089 1.57541e-05 8.56125e-05 1.61086e-05  -0.0100445 -0.00643619    -3.98892  0.0581037 0.00642899   -9.80883 
              55.222 -0.294104 -0.190136   49.6153   3.51269 -0.504421 -0.120946 0.00140083 -0.0176979 -0.0148967 -0.00241844 -0.00140875 4.95368e-05 0.000352051  0.00850805   -0.040744 1.60073e-05 8.78301e-05 1.61977e-05  -0.0099728 -0.00646618     -3.9892  0.0580932 0.00634587   -9.80883 
              55.322 -0.286851 -0.192432   49.6125    3.5133  -0.50394 -0.120161 0.00116794 -0.0177319 -0.0149223 -0.00241883 -0.00141006 4.95797e-05 0.00332745 0.00999323 -0.0371365 1.20232e-05  8.8893e-05 1.62895e-05 -0.00995506 -0.00640271    -3.98966  0.0581644 0.00635679   -9.80883 
              55.422  -0.28661 -0.194002   49.6115   3.51394 -0.504252 -0.120965 0.000902955  -0.0174031  -0.0149485 -0.00242123  -0.0014111 4.94966e-05 0.00496557  0.0072963 -0.0387211 1.20056e-05 8.93197e-05 1.55343e-05 -0.00985165 -0.00634214    -3.98994  0.0582623 0.00627049   -9.80882 
              55.522 -0.292781 -0.188815   49.6085   3.51377 -0.504286 -0.120341 0.000991712  -0.0171521  -0.0149382 -0.00242291 -0.00141049 4.94016e-05 0.00289026 0.00719707 -0.0361284 1.53727e-05 8.59975e-05 1.60074e-05  -0.0097714 -0.00636837    -3.99037  0.0582572 0.00618312   -9.80883 
              55.622 -0.280898 -0.198591   49.6065   3.51389 -0.503494 -0.120761  0.0010432 -0.0171995 -0.0149337 -0.0024227 -0.0014102 4.9311e-05 0.00271434 0.00996914  -0.036763  8.6212e-06   9.125e-05 1.60502e-05 -0.00977119 -0.00637784    -3.99068  0.0582446 0.00618562   -9.80883 
              55.722 -0.297315 -0.188199   49.6058   3.51374 -0.503691 -0.120436  0.0010004 -0.0168457 -0.0149365  -0.0024251 -0.00141018 4.90066e-05 0.00118535 0.00787946 -0.0354361 1.78198e-05 8.49478e-05 1.53322e-05 -0.00966245 -0.00637327    -3.99106  0.0582819 0.00607752   -9.80882 
              55.822 -0.294067 -0.193338   49.6059   3.51381   -0.5036 -0.122225 0.000921458  -0.0166404  -0.0149443 -0.00242647 -0.00141035 4.90698e-05 0.00130071 0.00752673 -0.0398611 1.59838e-05 8.74514e-05 1.42738e-05 -0.00959914 -0.00635686    -3.99125 0.0583185 0.0060186  -9.80882 
              55.922 -0.289669 -0.199098   49.6031    3.5143 -0.503779 -0.123194 0.000689135  -0.0164475  -0.0149698 -0.00242793 -0.00141133 4.92233e-05 0.00311017 0.00630531 -0.0409753 1.36021e-05 9.03049e-05 1.49137e-05  -0.0095298 -0.00629948    -3.99154  0.0583994 0.00596864   -9.80882 
              56.022 -0.284401 -0.202189   49.6017  3.51422 -0.50372 -0.12235 0.000723471  -0.0163103  -0.0149661 -0.00242887 -0.00141079 4.92322e-05  0.0020727 0.00680652 -0.0370462 1.05672e-05 9.16903e-05 1.47651e-05 -0.00947398 -0.00630836      -3.992  0.0584041 0.00591528   -9.80882 
              56.122 -0.291481 -0.200229   49.6018   3.51434 -0.503458 -0.122736 0.000681925  -0.0162216  -0.0149707  -0.0024296 -0.00141091 4.92096e-05 0.00207429 0.00770644 -0.0372785 1.45047e-05 9.02565e-05 1.38428e-05 -0.00943523 -0.00629733    -3.99232  0.0584255 0.00588375   -9.80882 
              56.222 -0.280135 -0.200181    49.601   3.51371 -0.503153 -0.121778 0.000861398  -0.0160591  -0.0149514 -0.00243055 -0.00140958 4.91495e-05 -0.000741322   0.00840617   -0.0339605 7.97681e-06  8.9715e-05 1.34916e-05  -0.0093774 -0.00634503    -3.99276  0.0583899 0.00581605   -9.80882 
              56.322 -0.284747 -0.194979   49.5988   3.51405 -0.503373 -0.120973 0.000602709  -0.0158576  -0.0149792 -0.00243232 -0.00141075 4.90495e-05 0.00145429 0.00689918 -0.0318557 1.06851e-05 8.62748e-05 1.40068e-05 -0.00930032 -0.00627915    -3.99316  0.0584799 0.00576257   -9.80882 
              56.422 -0.286593 -0.198768   49.5972    3.5142 -0.503375 -0.120894 0.000504563  -0.0157022  -0.0149898 -0.00243349 -0.00141109 4.90506e-05 0.00188107 0.00665055 -0.0321373  1.1739e-05  8.7997e-05 1.43433e-05 -0.00924272 -0.00625472    -3.99348  0.0585208 0.00571546   -9.80882 
              56.522 -0.289106 -0.193693   49.5974    3.5142 -0.503323 -0.120662 0.00047547 -0.0155461 -0.0149927 -0.00243464 -0.00141109 4.90123e-05 0.00154303 0.00683392 -0.0319225 1.31175e-05 8.47855e-05 1.36384e-05  -0.0091858 -0.00624828    -3.99381 0.0585423  0.005664  -9.80882 
              56.622 -0.293789 -0.194901   49.5974   3.51404 -0.502744 -0.120632 0.00053721 -0.0155221 -0.0149865 -0.00243486 -0.00141081  4.9015e-05 0.000665554  0.00903926  -0.0321938 1.56531e-05 8.51917e-05 1.30673e-05 -0.00916678 -0.00626281    -3.99412  0.0585307 0.00564554   -9.80882 
              56.722 -0.296184 -0.196439   49.5969   3.51495 -0.503054 -0.121644 0.000143041  -0.0152931  -0.0150281 -0.00243676 -0.00141269 4.90402e-05 0.00424002 0.00659051 -0.0351504 1.71745e-05 8.56645e-05 1.29255e-05 -0.00908667 -0.00616179    -3.99434  0.0586577 0.00559636   -9.80882 
              56.822 -0.286062 -0.203679   49.5944    3.5151 -0.503063  -0.12228 0.000131431  -0.0151095  -0.0150287 -0.00243783 -0.00141239 4.91503e-05   0.003506   0.006218 -0.0363434 1.14544e-05 8.93506e-05 1.38569e-05 -0.00902483  -0.0061608    -3.99462 0.0586749 0.0055377  -9.80882 
              56.922 -0.281731 -0.203512   49.5953   3.51455 -0.502544 -0.122112 0.000363318  -0.0150301   -0.015004 -0.00243807 -0.00141084 4.91106e-05 0.000348627  0.00828528  -0.0350787 8.84179e-06 8.89485e-05 1.28956e-05 -0.00899268 -0.00622189    -3.99499  0.0586188 0.00549323   -9.80882 
              57.022 -0.270775 -0.210787   49.5922   3.51413 -0.502745 -0.120733 0.000361477  -0.0147651  -0.0150037 -0.00243974  -0.0014104 4.90808e-05 -0.000849734   0.00655716   -0.0310279 2.67381e-06 9.26073e-05 1.42668e-05 -0.00890119 -0.00622393    -3.99544    0.05864 0.00540665   -9.80882 
              57.122 -0.277551 -0.199599   49.5923   3.51433  -0.50307 -0.119415 0.00015959 -0.0145831 -0.0150254 -0.00244136 -0.00141118 4.90315e-05 0.000878509  0.00520995  -0.0281198 6.56796e-06 8.59731e-05 1.36965e-05 -0.00882921 -0.00617045    -3.99585  0.0587126 0.00535548   -9.80882 
              57.222 -0.281979 -0.200449   49.5887    3.5143 -0.503208 -0.119496 0.000104892  -0.0144182  -0.0150309 -0.00244251 -0.00141132 4.89884e-05 0.000804785  0.00484599  -0.0295824  9.0593e-06 8.60876e-05  1.5259e-05 -0.00877149 -0.00615724    -3.99612  0.0587406 0.00530496   -9.80882 
              57.322 -0.283635 -0.198222   49.5913   3.51493 -0.503615 -0.119975 -0.000159166   -0.0142589   -0.0150595 -0.00244399 -0.00141259 4.89375e-05 0.00336063  0.0035708 -0.0316587  1.0091e-05 8.44887e-05 1.34328e-05 -0.00871159 -0.00608717    -3.99636   0.058827 0.00526791   -9.80882 
              57.422  -0.28587 -0.199981   49.5895    3.5149 -0.503813 -0.119731 -0.000134739   -0.0141088   -0.0150564 -0.00244495 -0.00141233 4.89515e-05 0.00230734 0.00378164 -0.0313128 1.12799e-05  8.5121e-05 1.41329e-05 -0.00865663 -0.00609442    -3.99669  0.0588328 0.00521583   -9.80882 
              57.522 -0.286677 -0.201783   49.5888   3.51493 -0.503386 -0.121165 -8.58673e-05   -0.0141148   -0.0150515 -0.00244493  -0.0014121  4.8946e-05 0.00174707 0.00611219 -0.0353143 1.16582e-05  8.5867e-05 1.42697e-05 -0.00865122 -0.00610621    -3.99687  0.0588213 0.00521022   -9.80882 
              57.622 -0.281495 -0.206615   49.5911   3.51451 -0.502695 -0.122404 7.59959e-05  -0.0140956  -0.0150341 -0.00244485 -0.00141113 4.89016e-05 -0.000246921   0.00865186   -0.0377719 8.61149e-06 8.83038e-05 1.28603e-05 -0.00863894 -0.00614913     -3.9971    0.05878 0.00519015   -9.80882 
              57.722 -0.279018 -0.205711   49.5903   3.51403 -0.502749 -0.121513 8.60209e-05  -0.0138599  -0.0150325 -0.00244636 -0.00141068  4.8859e-05 -0.0015521 0.00746359  -0.034188 7.18224e-06 8.74064e-05 1.31608e-05 -0.00855502 -0.00615334    -3.99753  0.0587957 0.00511217   -9.80882 
              57.822 -0.283477 -0.201599   49.5913    3.5148 -0.502939 -0.121465 -0.000281203   -0.0137536   -0.0150718 -0.00244768 -0.00141255 4.87696e-05  0.0025784 0.00612975  -0.033568 9.86123e-06 8.47978e-05 1.25085e-05 -0.00850373 -0.00605157    -3.99786  0.0589091 0.00509355   -9.80882 
              57.922 -0.277715 -0.202433   49.5873   3.51469 -0.502418 -0.119023 -0.000205304   -0.0137799   -0.0150647 -0.00244776 -0.00141202 4.87354e-05 0.00185888 0.00848954 -0.0268072 6.55179e-06 8.50369e-05 1.46599e-05 -0.00848891 -0.00606794    -3.99839  0.0588936 0.00508336   -9.80882 
              58.022 -0.281435 -0.203116   49.5872   3.51415 -0.503003 -0.119403 -0.000179522   -0.0133333     -0.01506 -0.00245028 -0.00141126  4.8744e-05 -0.00113911  0.00442288  -0.0293052 8.59489e-06 8.48981e-05 1.46241e-05 -0.00835528 -0.00608211    -3.99861  0.0589131 0.00495076   -9.80882 
              58.122 -0.283234 -0.209143   49.5886   3.51487 -0.502761 -0.122307 -0.000433772   -0.0133595   -0.0150885 -0.00245054  -0.0014127 4.86679e-05 0.00224825 0.00530319 -0.0374398 9.72072e-06 8.80251e-05  1.3768e-05 -0.00835621 -0.00601048    -3.99865  0.0589835 0.00497078   -9.80882 
              58.222 -0.276928 -0.206984   49.5857   3.51498 -0.502654 -0.120751 -0.000460359   -0.0133178   -0.0150925 -0.00245107 -0.00141267 4.86971e-05 0.00244997 0.00617214 -0.0319734 6.16925e-06 8.65407e-05 1.53222e-05 -0.00832123 -0.00600005    -3.99913 0.0589999 0.0049474  -9.80882 
              58.322 -0.288353 -0.204586   49.5874   3.51485 -0.502892 -0.121314 -0.000467402   -0.0130781   -0.0150931 -0.00245257 -0.00141244 4.85862e-05  0.0011685 0.00497402 -0.0334591 1.25354e-05  8.4805e-05 1.42111e-05 -0.00824171 -0.00600053    -3.99939   0.059018 0.00487362   -9.80882 
              58.422 -0.283576  -0.20253   49.5863   3.51483 -0.502653 -0.119813 -0.00046986  -0.0130696  -0.0150943 -0.00245296  -0.0014124 4.85807e-05  0.0012018 0.00652398 -0.0290972  9.8132e-06 8.34103e-05 1.46326e-05   -0.008218 -0.00599643    -3.99983 0.0590254 0.0048592  -9.80882 
              58.522 -0.277953 -0.204977   49.5892   3.51969 -0.497013 -0.120257 -0.000498235   -0.0129279   -0.0150972  -0.0024539 -0.00141227 4.86353e-05  0.0846122    0.10125 -0.0305093 6.64208e-06 8.44546e-05  1.2759e-05 -0.00816615 -0.00598901    -4.00007  0.0590441 0.00481457   -9.80882 
              58.622 -0.286723 -0.206196   49.4403   3.53269 -0.482892 -0.119916 -0.000729255   -0.0127816   -0.0148357 -0.00245242 -0.00141244 4.85001e-05    0.15899   0.182555 -0.0294704 1.19523e-05 8.44106e-05  9.9228e-06 -0.00819162 -0.00591846    -4.00039  0.0591125 0.00483194   -9.80882 
              58.722 -0.27409 -0.20101  49.2789   3.54524 -0.461702 -0.118803 0.000459601  -0.0124806  -0.0185515 -0.00245776 -0.00140616 4.76797e-05    0.15027   0.205074 -0.0268973 4.45374e-06 8.06445e-05 1.18134e-05 -0.00840869 -0.00624326    -4.00078  0.0587698 0.00486654   -9.80882 
              58.822 -0.268844 -0.216225   49.1728   3.56695 -0.433055 -0.120505 0.000117368  -0.0133836   -0.018817 -0.00245108 -0.00141065 4.61176e-05   0.224069   0.293597 -0.0314177 1.90356e-06 8.91739e-05 1.06745e-05 -0.00882703 -0.00612058    -4.00091  0.0588038 0.00524218   -9.80882 
              58.922 -0.279739 -0.222577   49.1181   3.59775 -0.397856 -0.124137 -0.00138314  -0.0155845  -0.0169992 -0.00244381  -0.0014358 4.55491e-05  0.286706  0.350537 -0.039223 8.96539e-06 9.35115e-05 1.14795e-05 -0.00948728 -0.00565438    -4.00095  0.0591056 0.00596731   -9.80882 
              59.022 -0.297853 -0.202962   49.0029   3.63231 -0.357414 -0.122978 -0.00212652  -0.0158129  -0.0165023  -0.0024377 -0.00144215 4.83378e-05   0.336578    0.40344 -0.0329467 1.97206e-05 8.20909e-05 6.42208e-06  -0.0101163 -0.00541147    -4.00145 0.0592477 0.0064304  -9.80882 
              59.122 -0.316837 -0.207218   48.8204   3.66874 -0.315589 -0.125992 -0.00265584  -0.0162422  -0.0159248 -0.00243371 -0.00144203 4.79017e-05   0.349448   0.413876 -0.0398502 3.09396e-05 8.39223e-05 9.50462e-06  -0.0103035 -0.00524782    -4.00151  0.0593689 0.00662075   -9.80882 
              59.222 -0.283592 -0.220456   48.6344   3.69741 -0.275283 -0.123715 -0.00118878  -0.0138931  -0.0173191 -0.00244127 -0.00143744 4.61246e-05    0.32874   0.416217 -0.0322379 1.17547e-05 8.91432e-05 1.17157e-05  -0.0102606 -0.00568043    -4.00206  0.0590171 0.00628212   -9.80882 
              59.322 -0.282878 -0.196258   48.4909   3.72846 -0.234369 -0.115957 -0.000809242   -0.0117837   -0.0173581  -0.0024432  -0.0014346 4.57376e-05   0.341871   0.438133 -0.0118471 1.13626e-05  7.3813e-05 9.30049e-06  -0.0104643 -0.00577899    -4.00302   0.058945 0.00618527   -9.80882 
              59.422 -0.286405 -0.178294   48.4295   3.75949  -0.18773 -0.111273 0.00046938 -0.0109473 -0.0173674 -0.00243545 -0.00142477 4.61189e-05    0.341746    0.465213 -0.00460379 1.26348e-05 6.29087e-05 1.06982e-05  -0.0105451 -0.00614495    -4.00355  0.0586059 0.00608624   -9.80882 
              59.522 -0.308399 -0.163329    48.379   3.79229 -0.144334  -0.10994 0.000457638 -0.00979719   -0.017059 -0.00244237 -0.00141903 4.54798e-05    0.339164    0.458482 -0.00819445 2.49829e-05 5.35407e-05 1.61087e-05  -0.0102925 -0.00615257    -4.00371  0.0586546 0.00581955   -9.80882 
              59.622 -0.311926 -0.197552   48.2846    3.83392 -0.0997797  -0.115444 -0.00157762  -0.0105097  -0.0161147 -0.00244281 -0.00142994 4.26196e-05  0.371402  0.456858 -0.027941 2.82439e-05 7.26326e-05 2.02392e-05  -0.0103301 -0.00555765    -4.00334  0.0591958 0.00601538   -9.80882 
              59.722 -0.340818 -0.170747   48.1553   3.87222 -0.050379 -0.115111 -0.00146451  -0.0113788  -0.0162661 -0.00243901 -0.00142743 4.47906e-05  0.376499  0.475495 -0.026903 4.44567e-05 5.73012e-05 1.33997e-05  -0.0106659 -0.00557015    -4.00367  0.0591259 0.00630121   -9.80882 
              59.822 -0.315943 -0.177205   48.0563     3.91547 -0.00116004   -0.113629 -0.0026548 -0.0123235 -0.0163358 -0.00243435 -0.00143383 4.63671e-05   0.399936   0.485715 -0.0228026 3.12718e-05 6.08975e-05 1.38017e-05  -0.0109792 -0.00519786    -4.00409  0.0594171 0.00664474   -9.80882 
              59.922  -0.26738 -0.212544    47.972   3.95323 0.0472733 -0.114849 -0.00212228  -0.0120245  -0.0162464 -0.00243441 -0.00142977 4.58041e-05   0.391571   0.486914 -0.0277883 3.87823e-06 7.99616e-05  1.1446e-05   -0.010904 -0.00535751    -4.00421  0.0592829 0.00654466   -9.80882 
              60.022 -0.273391 -0.209414   47.8774   3.98782 0.0947664 -0.117978 -0.00115557  -0.0111848  -0.0160635   -0.002437 -0.00142265 4.60119e-05   0.373487   0.483816 -0.0369466 6.85365e-06 7.71758e-05 7.68191e-06 -0.0106695 -0.0056557   -4.00419 0.0590488 0.0062756  -9.80882 
              60.122 -0.281556 -0.197284   47.7515   4.02295  0.140174 -0.115883 -0.000960694   -0.0103209   -0.0160457  -0.0024418 -0.00142212 4.43875e-05   0.365455   0.474872 -0.0292132 1.15275e-05 6.93265e-05 8.77655e-06  -0.0103762 -0.00571897    -4.00473  0.0590364 0.00600834   -9.80882 
              60.222 -0.272441 -0.206672   47.5793   4.06006   0.18859 -0.117803 -0.000995535   -0.0106215   -0.0160501 -0.00244058 -0.00142146 4.42862e-05   0.368279   0.480672 -0.0339519 6.75005e-06 7.40602e-05 8.19577e-06  -0.010455 -0.0057035   -4.00486  0.0590368 0.00608651   -9.80882 
              60.322 -0.252544 -0.239114   47.3446   4.09928  0.237028 -0.120069 -0.00151131  -0.0110277  -0.0161444 -0.00243662 -0.00142116 4.35504e-05   0.378201    0.47707 -0.0382369 -3.59594e-06  9.15788e-05  2.02016e-05  -0.0105584 -0.00554207      -4.005  0.0591666 0.00620993   -9.80882 
              60.422 -0.270931 -0.225333   47.1226   4.13592  0.283245 -0.120443 -0.00140474  -0.0106237  -0.0161296 -0.00243895 -0.00142173 4.28266e-05   0.374281   0.471369 -0.0365276 7.12716e-06  8.2817e-05 2.42408e-05  -0.0104044 -0.00557535    -4.00534   0.059157 0.00607599   -9.80882 
              60.522 -0.275254 -0.209737    46.881   4.17921  0.331234 -0.119417 -0.00264523  -0.0116223   -0.016591 -0.00243532 -0.00142829 4.45312e-05    0.39863   0.477545 -0.0304799  1.0761e-05 7.38513e-05 2.64047e-05  -0.0106375 -0.00517145    -4.00581  0.0594806 0.00636106   -9.80882 
              60.622  -0.24947 -0.253905   46.6342   4.21629  0.379191 -0.124057 -0.00198796  -0.0113107  -0.0163638 -0.00243659 -0.00142496 4.50009e-05   0.387969   0.478616 -0.0426449 -3.53428e-06  9.71063e-05  2.15288e-05  -0.0105643 -0.00537994    -4.00569  0.0593054 0.00626291   -9.80882 
              60.722 -0.255125 -0.283326   46.3832   4.25098  0.425766 -0.132078 -0.00122503  -0.0104299  -0.0161441  -0.0024405 -0.00141996 4.68602e-05   0.371038    0.47369 -0.0612673 -1.77155e-07  0.000111921  1.77069e-05  -0.0103401 -0.00563503    -4.00536 0.0591108 0.0060193  -9.80882 
              60.822  -0.19297 -0.322601   46.1017   4.28793  0.474985 -0.129832 -0.000945882   -0.0112331   -0.0161056 -0.00243598 -0.00141568 4.48016e-05   0.367704   0.478143 -0.0444973 -3.42668e-05  0.000133273  2.54913e-05   -0.010506 -0.00568172    -4.00619  0.0590385 0.00618557   -9.80882 
              60.922 -0.238826 -0.272322   45.7826   4.32704  0.520593 -0.124209 -0.00169916  -0.0113519  -0.0163427 -0.00243817 -0.00142099 4.31653e-05   0.374186    0.46812 -0.0230524 -7.15089e-06  0.000104288  2.78561e-05  -0.0104218 -0.00541942    -4.00718  0.0592679 0.00617294   -9.80882 
              61.022 -0.213015  -0.28292     45.43   4.36668  0.568694 -0.125265 -0.00203423  -0.0119558  -0.0164337 -0.00243533 -0.00142071 4.33021e-05   0.383717    0.47423 -0.0265105 -2.03972e-05  0.000109429  3.11896e-05   -0.010583 -0.00530687    -4.00734  0.0593495 0.00633234   -9.80882 
              61.122 -0.211119 -0.279029   45.0045   4.40686   0.61286 -0.122928 -0.00278714   -0.011632  -0.0167482  -0.0024336 -0.00142543 4.32078e-05   0.392468   0.462042 -0.0195538 -1.97729e-05  0.000105869  2.65113e-05  -0.0104018 -0.00506922    -4.00784  0.0595692 0.00621601   -9.80882 
              61.222 -0.245406 -0.258935    44.514   4.44528  0.659405 -0.123004 -0.00281386  -0.0122109   -0.016752 -0.00243294 -0.00142375 4.39444e-05   0.363069    0.44732 -0.0577901 7.51419e-07 9.36614e-05 3.32599e-05  -0.0105234 -0.00504919    -4.00826  0.0595747 0.00634025   -9.80882 
              61.322 -0.246507 -0.270337   44.0023  4.47995 0.705916 -0.12737 -0.0023823 -0.0124809 -0.0163386 -0.00243442 -0.00142145 4.38945e-05   0.358595   0.454293 -0.0607443 2.43057e-06 9.04492e-05 2.39973e-05  -0.0105779 -0.00525558    -4.00844  0.0594139 0.00638695   -9.80882 
              61.422 -0.232239  -0.28244   43.5246   4.52458  0.753185 -0.129446 -0.00354889  -0.0134656  -0.0173082 -0.00242929 -0.00143134 4.30137e-05    0.39514   0.462809 -0.0554061 -3.58216e-06  9.65819e-05  2.30507e-05  -0.0111146 -0.00465808    -4.00887  0.0598454 0.00680215   -9.80882 
              61.522 -0.200963   -0.3098   43.1198   4.56781  0.801038 -0.128686 -0.00405411   -0.014491   -0.017578 -0.00242651 -0.00144061 4.20605e-05   0.408334   0.467721 -0.0433316 -1.96068e-05   0.00011103  2.06756e-05  -0.0113447 -0.00445278    -4.00954  0.0600015 0.00702986   -9.80881 
              61.622 -0.181296 -0.309095   42.6614   4.60499  0.848817 -0.125514 -0.00325493  -0.0149186   -0.017337   -0.002424 -0.00143501 4.17777e-05   0.389744    0.46403 -0.0278364 -2.96241e-05  0.000109542   1.8456e-05  -0.0112859 -0.00472272    -4.01032   0.059779 0.00703187   -9.80882 
              61.722 -0.144694 -0.319017   42.1777   4.65186  0.892974 -0.120595 -0.00507586  -0.0159733  -0.0181451 -0.00242036 -0.00143978 4.37422e-05   0.423951   0.453023 -0.0113491 -4.74102e-05  0.000114539   1.6288e-05  -0.0114069 -0.00412974    -4.01111   0.060273 0.00719159   -9.80881 
              61.822 -0.180449 -0.314102    41.691   4.68894  0.937833 -0.122278 -0.00407379  -0.0152899  -0.0176176  -0.0024233 -0.00143577 4.62563e-05   0.395667   0.443845 -0.0203495 -2.63993e-05  0.000110287  2.57909e-05  -0.0112153 -0.00444307    -4.01108  0.0600081 0.00702998   -9.80881 
              61.922  -0.19979 -0.296242    41.193   4.73396  0.981079 -0.120727 -0.00516607  -0.0157293  -0.0181942 -0.00242304  -0.0014416 4.47988e-05  0.446771  0.457463 -0.016105 -1.33668e-05  9.93833e-05  2.60024e-05  -0.0112574 -0.00408038    -4.01148  0.0603058 0.00708081   -9.80881 
              62.022 -0.178759 -0.318408   40.6771   4.77706   1.02689 -0.119262 -0.00474631  -0.0156355  -0.0180779 -0.00242363 -0.00144011 4.45316e-05   0.466622   0.472052 -0.0134861 -2.38038e-05  0.000110484  3.18489e-05  -0.0111812 -0.00418808    -4.01182  0.0602088 0.00703583   -9.80881 
              62.122 -0.218037 -0.295193   40.2129   4.82204   1.07049 -0.120474 -0.00486477  -0.0146376  -0.0176467  -0.0024293 -0.00143646 4.23067e-05   0.487224   0.474751 -0.0202005 -3.20097e-07  9.59583e-05  1.78715e-05   -0.010855 -0.00415602    -4.01185  0.0602179 0.00677124   -9.80881 
              62.222 -0.210088 -0.307746   39.8159   4.86569   1.11369 -0.122964   -0.00443    -0.0133 -0.0172722 -0.00243441  -0.0014221 4.38395e-05    0.46308   0.446164 -0.0291179 -3.85023e-06  0.000101006  1.24272e-05  -0.0104071 -0.00430763    -4.01182   0.060068 0.00642708   -9.80881 
              62.322  -0.15916 -0.345306   39.4415   4.90934   1.15342 -0.124205 -0.00453839  -0.0119225  -0.0163408 -0.00244258 -0.00141358 4.92121e-05  0.447919  0.421547 -0.031295 -3.10152e-05  0.000119815  1.87513e-05  -0.0100408 -0.00425379      -4.012 0.0600744 0.0061116  -9.80881 
              62.422 -0.199747 -0.318444    39.096  4.95582  1.19918 -0.12551 -0.00431645  -0.0128646  -0.0167421 -0.00243629 -0.00141985 5.37285e-05    0.44538   0.428509 -0.0320945 -7.28177e-06  0.000104396  1.87987e-05  -0.0103963 -0.00428288    -4.01224   0.060074 0.00638217   -9.80881 
              62.522 -0.192896 -0.322879    38.772   4.99519   1.24195 -0.123594 -0.00322243  -0.0120799  -0.0161827 -0.00243573 -0.00141116  5.3549e-05   0.425986   0.428217 -0.0229377 -1.07247e-05  0.000105403  1.85604e-05  -0.0101885 -0.00456998     -4.0128  0.0598117 0.00624109   -9.80882 
              62.622 -0.181192 -0.316489   38.5037   5.03903   1.28078 -0.122587 -0.00393731  -0.0116101  -0.0167562 -0.00244453 -0.00141174 5.43474e-05  0.432025  0.412215 -0.019423 -1.5941e-05 0.000100736 1.55971e-05 -0.00999281 -0.00431092    -4.01317  0.0599843 0.00607169   -9.80881 
              62.722 -0.226553 -0.300633    38.224   5.08411   1.32027 -0.122066 -0.00449091  -0.0116668  -0.0170475 -0.00244733 -0.00141542 5.25196e-05   0.440364   0.406101 -0.0183461 1.05773e-05 9.11205e-05 2.08883e-05 -0.00995631 -0.00411616    -4.01345  0.0601274 0.00603363   -9.80881 
              62.822 -0.226491 -0.301834   37.9894   5.13027    1.3638 -0.119756 -0.00437349  -0.0125596  -0.0170539 -0.00244278 -0.00141871 5.17352e-05   0.460727   0.422579 -0.0114316 1.11112e-05  9.1391e-05 2.59526e-05  -0.0101687 -0.00413096    -4.01393  0.0601426 0.00621705   -9.80881 
              62.922 -0.205754 -0.313878   37.7976   5.17625   1.40709 -0.120919 -0.00417384    -0.01279  -0.0170575 -0.00244013 -0.00141889 5.07643e-05    0.46029   0.424683 -0.0180848 -3.40944e-08  9.72704e-05  2.80233e-05  -0.0102427 -0.00419343    -4.01396  0.0601054 0.00628185   -9.80881 
              63.022 -0.169453  -0.34077   37.6281   5.21893   1.44303 -0.122848 -0.00452159  -0.0112127  -0.0166847 -0.00245125 -0.00141176  5.5911e-05   0.438059   0.389285 -0.0256775 -1.95151e-05  0.000110576  2.17459e-05  -0.0097197 -0.00409002    -4.01397  0.0601091 0.00587763   -9.80881 
              63.122 -0.159707 -0.342306   37.4869   5.26328   1.47516 -0.119795 -0.00550011  -0.0101598  -0.0166317 -0.00246258 -0.00141116 5.46493e-05  0.442602  0.362108 -0.014217 -2.38207e-05  0.000110216  2.01741e-05 -0.00935201 -0.00373109    -4.01459  0.0603123 0.00555814   -9.80881 
              63.222 -0.194403 -0.326409   37.3135   5.30384   1.50972 -0.118369 -0.00504683 -0.00943447  -0.0164044 -0.00246652  -0.0014096 5.36484e-05  0.426276  0.353937 -0.011622 -4.10786e-06  0.000100306  3.09767e-05 -0.00907558 -0.00386171    -4.01493  0.0601711 0.00538576   -9.80881 
              63.322 -0.187257 -0.321214    37.231   5.33856   1.54231 -0.117699 -0.00407544 -0.00788665  -0.0159474 -0.00247016 -0.00139389 5.24039e-05   0.394738   0.343166 -0.0125021 -8.38509e-06  9.61848e-05  2.95063e-05 -0.00853959 -0.00417442    -4.01515  0.0598573 0.00505095   -9.80882 
              63.422 -0.171014 -0.334556   37.2095   5.37103   1.57312 -0.118805 -0.00338655 -0.00630768  -0.0156844 -0.00247427  -0.0013744 5.43727e-05  0.366589  0.329206 -0.018923 -1.77335e-05  0.000102368  2.61908e-05 -0.00801282 -0.00440494    -4.01519  0.0596056 0.00470728   -9.80882 
              63.522 -0.161096 -0.345947   37.3336   5.40272   1.60227 -0.116851 -0.00305348 -0.00508893  -0.0156112 -0.00247953 -0.00134983 5.57922e-05   0.346666    0.31419 -0.0130565 -2.37944e-05  0.000107869   2.4602e-05 -0.00755449 -0.00450562    -4.01563  0.0594596 0.00440547   -9.80882 
              63.622 -0.165957 -0.343575   37.2656   5.43985   1.63245 -0.116112 -0.00365483 -0.00537224  -0.0157334 -0.00247657 -0.00135124 5.54114e-05   0.351711   0.305533 -0.0128037 -2.04247e-05  0.000106293  2.38878e-05 -0.00762249 -0.00429995    -4.01589  0.0596185 0.00442604   -9.80882 
              63.722 -0.153583 -0.348352   36.9833  5.47451  1.66393 -0.11542   -0.003428 -0.00551852  -0.0156688 -0.00248139 -0.00134891 5.53156e-05   0.349807   0.309072 -0.0127265 -2.64414e-05  0.000107966  1.48954e-05 -0.00764466  -0.0043731    -4.01613 0.0595717 0.0044603  -9.80882 
              63.822 -0.166884 -0.341047   36.5356   5.51175   1.69268 -0.113148 -0.00410821 -0.00562071  -0.0159056 -0.00246437 -0.00134887 5.42848e-05    0.353012    0.296355 -0.00745066 -1.70238e-05  0.000102774  2.15887e-05 -0.00762194 -0.00414084    -4.01655  0.0597337 0.00441674   -9.80882 
              63.922  -0.16057 -0.355789   35.9858   5.54078   1.71921 -0.116093 -0.00354931 -0.00415094  -0.0157469 -0.00247572 -0.00137746 5.59382e-05 0.327736  0.28337 -0.02141 -1.89844e-05  0.000108806  1.54711e-05 -0.00715348 -0.00433721    -4.01634  0.0595124 0.00411993   -9.80882 
              64.022 -0.151342 -0.359341   35.2166  5.57355   1.7499 -0.11738 -0.00319956 -0.00457386  -0.0155882 -0.00248424 -0.00136885 5.54116e-05   0.327763   0.292706 -0.0248864 -2.16061e-05  0.000109484  3.49934e-05 -0.00727745 -0.00445337    -4.01647  0.0594578 0.00423159   -9.80882 
              64.122 -0.134651 -0.365946   34.2316   5.61125   1.77651 -0.118031 -0.00432556 -0.00488207  -0.0159358   -0.002454 -0.00135901 5.63274e-05   0.351208   0.284207 -0.0251792 -2.66965e-05  0.000111597  2.50082e-05 -0.00734568  -0.0040666     -4.0167  0.0597336 0.00420342   -9.80882 
              64.222 -0.120346 -0.368212   33.0924   5.64425   1.80804 -0.118455 -0.00352941 -0.00508691   -0.015826 -0.00247407 -0.00135713  5.6344e-05   0.343105   0.296387 -0.0245093 -3.09917e-05  0.000111176  1.93898e-05 -0.00739612 -0.00433601    -4.01696  0.0595706 0.00430313   -9.80882 
              64.322 -0.146339 -0.369881   31.8757   5.67407   1.83763 -0.118119 -0.00288236 -0.00443771  -0.0157543 -0.00248316 -0.00137017 5.77836e-05   0.325343   0.296488 -0.0216647 -1.24483e-05  0.000109931  2.67133e-05 -0.00715805 -0.00455614     -4.0173  0.0593712 0.00421148   -9.80882 
              64.422 -0.105372 -0.380413   30.6351   5.70747   1.86675 -0.114113 -0.00305734 -0.00456536  -0.0157763 -0.00248134   -0.001368 5.82081e-05   0.329404   0.294268 -0.0075069 -3.06264e-05  0.000113854  2.84658e-05 -0.00717539 -0.00448747      -4.018  0.0594208 0.00420756   -9.80882 
              64.522 -0.094534  -0.38665   29.3879   5.73853   1.88835 -0.114095 -0.00401031 -0.00324324  -0.0158901 -0.00248146 -0.00136812 5.78955e-05   0.317499   0.256142 -0.0115264 -3.13528e-05  0.000114943  2.99538e-05 -0.00671146 -0.00415968    -4.01811  0.0594688 0.00383395   -9.80882 
              64.622 -0.0524836  -0.398711    28.1477  5.76882  1.91787 -0.11289 -0.00323098 -0.00402856  -0.0157835 -0.00247843 -0.00136952 5.57481e-05   0.292796   0.256864 -0.0100117 -5.04503e-05  0.000120752  2.51215e-05 -0.00696967  -0.0044223     -4.0184  0.0594119 0.00407042   -9.80882 
              64.722 -0.147652 -0.358283   26.8753  5.79908  1.94476 -0.11207 -0.00307466 -0.00436897   -0.015648 -0.00247914 -0.00137176 5.81834e-05   0.309191   0.262573 -0.0100951  7.4576e-06 9.75878e-05 2.77891e-05 -0.00702293  -0.0044655    -4.01863  0.0594149 0.00412615   -9.80882 
              64.822 -0.111276 -0.386322   25.5897   5.83456    1.9681 -0.111171 -0.00399443 -0.00497116  -0.0165993 -0.00247894 -0.00137127 5.96236e-05   0.318514   0.243805 -0.0101145 -7.73363e-06  0.000111589  2.09936e-05 -0.00715425 -0.00412407    -4.01886  0.0596416 0.00406914   -9.80882 
              64.922 -0.104957 -0.370719   24.2597   5.86847   1.99396 -0.112158 -0.00393897 -0.00559771   -0.016784 -0.00247957 -0.00136953 6.02752e-05   0.322856   0.244131 -0.0162138 -6.27612e-06  0.000101585  2.40818e-05 -0.00736842 -0.00413753    -4.01889 0.0597263  0.004174  -9.80882 
              65.022 -0.0369271  -0.390197    22.8989  5.90937  2.01857 -0.11294 -0.00456367 -0.00670613  -0.0173862 -0.00247814 -0.00136453 6.13947e-05   0.378333   0.246061 -0.0194709 -3.87919e-05  0.000111552  3.10682e-05  -0.0077293 -0.00390034    -4.01901  0.0599892 0.00422474   -9.80882 
              65.122 -0.0118728  -0.408783    21.5215   5.94137   2.03575 -0.111857 -0.00521814   -0.005211  -0.0167324 -0.00247427 -0.00136624 6.36836e-05  0.340416  0.207118 -0.015946 -4.69593e-05  0.000120215  2.90763e-05 -0.00717796 -0.00362503    -4.01937  0.0598327 0.00389368   -9.80882 
              65.222 -0.0468696  -0.395159    20.1329 5.97121 2.05809 -0.1127   -0.004531 -0.00471532  -0.0166244 -0.00247444 -0.00136798  6.6462e-05   0.320413   0.208087 -0.0196435 -2.22544e-05  0.000111792   1.9691e-05 -0.00700546 -0.00385433    -4.01948  0.0596685 0.00394984   -9.80882 
              65.322 -0.0545028  -0.388671    18.7182   6.00061   2.08046 -0.114266 -0.00401091 -0.00449244  -0.0163041  -0.0024749 -0.00136927  6.7293e-05   0.324395   0.212825 -0.0243478 -1.28232e-05  0.000107083  1.57615e-05 -0.00691669 -0.00403119    -4.01956  0.0595718 0.00401618   -9.80882 
              65.422 0.00148685  -0.399557    17.2759   6.02729   2.09825 -0.115639 -0.00407183 -0.00309236  -0.0160365 -0.00247229 -0.00137211 6.97334e-05   0.307893   0.191977 -0.0269993 -3.8422e-05 0.000111298 1.73296e-05 -0.00638399 -0.00399939    -4.01971  0.0593021 0.00386974   -9.80882 
              65.522 -0.0264407  -0.400077    15.8142  6.05652  2.11339 -0.11418 -0.00458105 -0.00283815    -0.01577 -0.00247021 -0.00137261 6.80108e-05    0.26418   0.164921 -0.0196186 -1.67749e-05  0.000111119  1.90786e-05 -0.00628892 -0.00374191    -4.02019 0.0592999 0.0037216  -9.80882 
              65.622 0.0439501 -0.406934   14.3581   6.08101   2.12974 -0.112955  -0.0043487 -0.00264908  -0.0156578 -0.00246957 -0.00137115 6.75172e-05   0.245059   0.157691 -0.0152302 -5.03519e-05  0.000114452  1.73866e-05 -0.00619648 -0.00376734    -4.02056  0.0592467 0.00373111   -9.80882 
              65.722 0.00340176  -0.399197    12.9298   6.10976   2.14105 -0.110689 -0.00520666   -0.003824   -0.017055 -0.00247433 -0.00137321 6.37712e-05    0.240041    0.130106 -0.00895219 -2.14879e-05  0.000111243  1.05767e-05 -0.00645865 -0.00340021      -4.021  0.0594615 0.00356656   -9.80882 
              65.822 -0.00359171   -0.383501     11.4929   6.13846   2.15564 -0.110649 -0.00504694  -0.0048866  -0.0171258 -0.00247601 -0.00137557 6.52996e-05   0.259585    0.13686 -0.0118216 -1.20777e-05  0.000102956    5.688e-06 -0.00677184 -0.00343768    -4.02112  0.0596511 0.00361152   -9.80882 
              65.922 0.0573153 -0.405695   9.72125   6.16206   2.17062 -0.110174 -0.00468042 -0.00470532  -0.0165502  -0.0024834 -0.00138533 6.44524e-05   0.252253   0.140871 -0.0122939 -3.95017e-05  0.000114992  1.62678e-05 -0.00658533 -0.00355422    -4.02134  0.0595636 0.00368008   -9.80882 
              66.022 0.0680342 -0.378399   7.02764   6.18941    2.1867 -0.112508 -0.00431801 -0.00502534  -0.0163958 -0.00251696 -0.00134821 6.53613e-05   0.263477   0.148174 -0.0219415 -3.50353e-05  0.000101393  2.32878e-05 -0.00674505  -0.0036841    -4.02124   0.059658 0.00374605   -9.80882 
              66.122  0.085117 -0.390117   3.89539   6.21403   2.19863 -0.114482 -0.00487253 -0.00470027  -0.0164355 -0.00246228  -0.0013825 6.52758e-05   0.260509   0.135718 -0.0271803 -3.26086e-05   0.00010973  3.68471e-05 -0.00660507 -0.00348714     -4.0213  0.0595531 0.00364931   -9.80882 
              66.222 0.0831332 -0.358744  0.361457   6.24751    2.2157 -0.113859 -0.00407228 -0.00605513   -0.016451 -0.00253765 -0.00128002 6.94252e-05   0.294016   0.149429 -0.0218579 -1.86254e-05  9.60524e-05  3.92859e-05 -0.00708401 -0.00375459    -4.02169  0.0598903 0.00370021   -9.80882 
              66.322  0.107252 -0.373779  -3.41918   6.27781   2.22809 -0.113599 -0.00452947 -0.00623579  -0.0163902 -0.00251239 -0.00126056 6.94162e-05   0.309756   0.137432 -0.0196357 -1.85577e-05  0.000107682  4.20101e-05 -0.00714694 -0.00358385    -4.02198  0.0598731 0.00358696   -9.80882 
              66.422  0.164173 -0.360219  -7.40454   6.31054    2.2416 -0.115524 -0.00447775 -0.00651211   -0.016393 -0.00252146  -0.0012491 6.94138e-05   0.323003   0.134244 -0.0254142 -3.58808e-05  0.000104742  4.54325e-05 -0.00725124 -0.00359802    -4.02202  0.0599326 0.00355251   -9.80882 
              66.522  0.160899 -0.358172  -11.4976   6.34695   2.25166 -0.110747 -0.00482985 -0.00720629   -0.016199 -0.00253791 -0.00120919 6.78347e-05   0.345463   0.117538 -0.0065995 -1.95982e-05  0.000110607  4.48695e-05 -0.00762355  -0.0034509    -4.02285  0.0600179 0.00331639   -9.80882 
              66.622  0.165784 -0.354512  -15.7169  6.38053   2.2697 -0.11078 -0.00360672 -0.00636417  -0.0166653 -0.00254445 -0.00127274 7.06753e-05    0.34139   0.130351 -0.0102025 -8.56048e-06   0.00011478  6.59116e-05 -0.00735234 -0.00390887    -4.02295  0.0601817 0.00366381   -9.80881 
              66.722  0.265092 -0.302522  -19.8767   6.41095   2.27941 -0.111282 -0.00446507 -0.00657589  -0.0164253  -0.0025405 -0.00123679 7.66749e-05   0.302228   0.117326 -0.0144443 -4.92991e-05  9.31119e-05  5.05476e-05 -0.00742947 -0.00358665    -4.02304  0.0599884 0.00351051   -9.80882 
              66.822  0.263454 -0.293823   -24.051   6.43889   2.28922 -0.109419 -0.00491707 -0.00658781  -0.0166272  -0.0025301 -0.00121815 7.57822e-05    0.285974    0.100219 -0.00899519 -3.60577e-05  9.91535e-05  5.25492e-05 -0.00736986 -0.00336799    -4.02344  0.0598287 0.00349275   -9.80882 
              66.922  0.281305 -0.284382  -28.2163   6.47021   2.29816 -0.109371 -0.00449296 -0.00723809  -0.0167933 -0.00255442 -0.00122417 7.50013e-05   0.289841  0.0871065 -0.0116439 -3.46042e-05  0.000105243  6.50146e-05 -0.00757338 -0.00348805    -4.02357  0.0599646 0.00334219   -9.80882 
              67.022  0.340655 -0.214793  -32.2685   6.49936   2.30268 -0.109787 -0.00501395 -0.00794692  -0.0173752  -0.0025736  -0.0012005 7.82957e-05   0.291057   0.058527 -0.0148776 -5.65601e-05  7.83156e-05  6.22863e-05 -0.00778896 -0.00326042    -4.02369  0.0597996 0.00313754   -9.80882 
              67.122 0.332743 -0.24139 -36.2398   6.52471   2.30969 -0.110942 -0.00545085 -0.00710867  -0.0169055 -0.00254378 -0.00118844 8.16648e-05   0.276417  0.0534193 -0.0194449 -4.37117e-05   0.00010567  7.88205e-05 -0.00746651 -0.00309522    -4.02376  0.0596635 0.00341108   -9.80882 
              67.222  0.366504 -0.174282  -39.9736  6.54917  2.31026 -0.10849 -0.00644635 -0.00777556  -0.0168826 -0.00257266 -0.00115144   8.334e-05   0.252639  0.0289774 -0.0101732 -5.35126e-05  8.08106e-05  5.82739e-05 -0.00765111 -0.00259057    -4.02428  0.0592425 0.00327213   -9.80882 
              67.322  0.368789 -0.154504  -43.6332    6.5698   2.31225 -0.110088 -0.00750075 -0.00745367  -0.0166234  -0.0025672  -0.0011213 8.28772e-05   0.226418  0.0202993 -0.0179008 -4.81926e-05  8.25204e-05  7.08548e-05 -0.00752267 -0.00222143    -4.02425  0.0589321 0.00344089   -9.80882 
              67.422   0.413206 -0.0950736   -47.0635   6.58709   2.31685 -0.109781 -0.00830361 -0.00625984  -0.0161701 -0.00254318 -0.00108606 8.14032e-05   0.192172  0.0273142 -0.0163475 -6.7596e-05 6.10336e-05 6.56701e-05  -0.0070559 -0.00188298    -4.02452  0.0587455 0.00391418   -9.80882 
              67.522  0.390306 -0.115822  -50.2322   6.61038   2.31641 -0.110064 -0.00723755 -0.00750687  -0.0165366 -0.00255825 -0.00112822 7.73876e-05    0.200319 -0.00410013  -0.0176644 -5.25745e-05  8.58215e-05  6.56507e-05 -0.00749441 -0.00221467    -4.02469 0.0589315 0.0034274  -9.80882 
              67.622   0.410399 -0.0836805   -53.1539    6.6262   2.31201 -0.109458 -0.00846929 -0.00785116  -0.0168998 -0.00258682 -0.00110114 7.81844e-05   0.180618 -0.0336419 -0.0151898 -5.98465e-05  7.90534e-05  7.03574e-05 -0.00753976 -0.00168235    -4.02499  0.0584645 0.00352883   -9.80883 
              67.722   0.404005 -0.0647458   -55.7947   6.64064   2.30708 -0.109016 -0.00926007 -0.00807766  -0.0166017 -0.00261057 -0.00108726 7.75985e-05   0.155577 -0.0355403 -0.0141752 -5.37267e-05   7.9188e-05  5.47138e-05  -0.0076169 -0.00130261    -4.02524  0.0581302 0.00358842   -9.80883 
              67.822   0.415203 -0.0331672   -58.2318   6.66014   2.30835 -0.105978 -0.00741554 -0.00690516  -0.0165404 -0.00256756 -0.00108979 7.60961e-05    0.163969 -0.00896147 -0.00474707 -5.95975e-05  7.04227e-05  5.87296e-05 -0.00721449 -0.00180423    -4.02576  0.0587743 0.00371405   -9.80882 
              67.922  0.436587 0.0111648  -60.4417   6.67423   2.30262 -0.107987 -0.00834678  -0.0083042  -0.0170987 -0.00259866 -0.00110337 7.90146e-05    0.14984 -0.0252487 -0.0155392 -7.02315e-05  5.53851e-05  5.80897e-05 -0.00772567 -0.00148901    -4.02562  0.0582754 0.00342156   -9.80883 
              68.022  0.424321 0.0195959  -62.3741   6.68363    2.2942 -0.108397 -0.0100762 -0.0100103 -0.0183241 -0.00264975 -0.00111627 7.48962e-05    0.11652 -0.0470971 -0.0173163 -6.24643e-05  5.96808e-05  5.46202e-05 -0.00828229 -0.00082929    -4.02578  0.0574588 0.00323946   -9.80883 
              68.122   0.422353 0.00981203    -64.088   6.69519   2.29112 -0.107625 -0.00990582 -0.00981377   -0.018174 -0.00264357 -0.00111022 7.54731e-05   0.105823  -0.030782 -0.0143869 -6.16664e-05  7.18505e-05  5.93394e-05  -0.00811444 -0.000865921     -4.02609 0.0575634 0.0033319  -9.80883 
              68.222  0.431966 0.0655267  -65.6077   6.70826    2.2859 -0.108489 -0.00905402  -0.0105348  -0.0180236  -0.0026335 -0.00112613 7.73078e-05   0.109865  -0.043223 -0.0181707 -6.75989e-05   4.7349e-05  5.01908e-05 -0.00835237 -0.00115926    -4.02617  0.0576831 0.00297665   -9.80883 
              68.322  0.439018 0.0606595   -66.929   6.7187  2.27976 -0.10872 -0.00911462  -0.0114299  -0.0183299 -0.00263776 -0.00113739  7.6774e-05   0.103262  -0.045116 -0.0184085 -7.21366e-05  5.59608e-05  3.78625e-05 -0.00859928 -0.00110773    -4.02637  0.0575043 0.00277732   -9.80883 
              68.422  0.450042 0.0981443  -68.1665   6.72737    2.2732 -0.110793 -0.00963166  -0.0120036  -0.0186806 -0.00264348 -0.00114284 7.74811e-05  0.0960962 -0.0581738 -0.0247379 -7.85313e-05  4.05733e-05  4.45393e-05 -0.00880087 -0.00091469    -4.02638  0.0572383 0.00271703   -9.80883 
              68.522 0.447763 0.136518 -69.2417  6.73139  2.27031 -0.11098 -0.0112773 -0.0112553  -0.019012 -0.00266157 -0.00113417 7.56152e-05  0.0673382 -0.0461108 -0.0224884 -7.71395e-05  2.33474e-05  5.33257e-05  -0.00843297 -0.000306754     -4.02666  0.0569424 0.00332515   -9.80883 
              68.622 0.461164 0.124001 -70.1773   6.73777   2.26716 -0.110961 -0.0112508 -0.0110799 -0.0189835 -0.00266103 -0.00113103 7.61464e-05  0.0554538 -0.0282563 -0.0203456 -8.56082e-05  3.43372e-05  5.67915e-05  -0.00831051 -0.000305167     -4.02694   0.057003 0.00340632   -9.80883 
              68.722 0.435099    0.123 -71.0037   6.74451   2.25826 -0.112507 -0.0107775 -0.0124972 -0.0190905 -0.00265408 -0.00114349 7.42809e-05   0.059211 -0.0819996  -0.024416 -7.2142e-05 3.94494e-05 4.67305e-05  -0.00881306 -0.000458351     -4.02702  0.0568349 0.00291446   -9.80883 
              68.822 0.446635 0.171091 -71.6881    6.7462   2.24849 -0.112673  -0.011938 -0.0131776 -0.0193939 -0.00266606 -0.00115155 7.53799e-05  0.0386327 -0.0861048 -0.0222107 -7.84725e-05  1.59483e-05  3.40135e-05 -0.00899933 4.48475e-06     -4.0273  0.0563617 0.00301657   -9.80884 
              68.922  0.42416 0.102771 -72.2958   6.75051   2.24591 -0.109546 -0.0117563 -0.0107123 -0.0190234 -0.00267103 -0.00113342 8.39067e-05   0.0383942  -0.0902201 -0.00985577 -6.68548e-05  5.50003e-05  4.04516e-05 -0.00808173 3.01652e-06     -4.0279  0.0569189 0.00371134   -9.80883 
              69.022 0.420686 0.104296  -72.799    6.7567   2.23865 -0.108491 -0.0108757   -0.01005 -0.0191899 -0.00266643 -0.00112587 8.40166e-05   0.0428697  -0.0838673 -0.00857983 -6.57485e-05  5.53455e-05  3.32553e-05 -0.00786712  -0.0002872    -4.02814  0.0572841 0.00370371   -9.80883 
              69.122 0.414992 0.122801 -73.2484   6.76099   2.23319 -0.105412  -0.0108132 -0.00889548  -0.0190827 -0.00267256 -0.00112083 8.19648e-05    0.0407974   -0.0723595 -0.000831726 -6.28895e-05   4.5901e-05  3.66039e-05  -0.00752125 -0.000240664     -4.02859  0.0574875 0.00400117   -9.80883 
              69.222  0.414215 0.0951702  -73.6292   6.76469   2.23068 -0.105386  -0.0110119 -0.00743304  -0.0189552 -0.00268101 -0.00111543 8.32156e-05   0.0377603  -0.0541608 -0.00575695 -6.26118e-05  6.17106e-05  3.18485e-05  -0.00698478 -0.000178791     -4.02863   0.057762 0.00445076   -9.80883 
              69.322 0.410241  0.11678 -73.9941  6.77012  2.22737 -0.10695  -0.0105621 -0.00670861  -0.0188344 -0.00268438 -0.00111112 8.24325e-05  0.0435757 -0.0470707 -0.0144431 -6.08363e-05  5.05446e-05     4.46e-05  -0.00672487 -0.000359931     -4.02855  0.058055 0.0045433  -9.80883 
              69.422 0.421131 0.107623 -74.2771   6.77444   2.22356 -0.106427  -0.0104383 -0.00657133  -0.0188053 -0.00268513 -0.00110957 8.23641e-05  0.0388119 -0.0412335 -0.0133113 -6.70833e-05  5.65082e-05  3.80843e-05  -0.00665309 -0.000396012     -4.02878  0.0581241 0.00456844   -9.80883 
              69.522 0.420388 0.115498 -74.5163   6.77595   2.21795 -0.107644  -0.0112199 -0.00667768  -0.0190187 -0.00268732 -0.00111445 8.22989e-05  0.0309346 -0.0641768 -0.0182589 -6.62436e-05   5.2981e-05  3.97384e-05  -0.00667512 -0.000104766     -4.02883  0.0578886 0.00472467   -9.80883 
              69.622 0.422311 0.126446 -74.7421   6.77807   2.21287 -0.106989  -0.0115496 -0.00627563  -0.0190068 -0.00269103 -0.00111604 8.21752e-05  0.0265824 -0.0623169 -0.0152707 -6.71651e-05  4.71719e-05  4.47151e-05 -0.00650048 2.43415e-05    -4.02912  0.0578951 0.00492669   -9.80883 
              69.722 0.425776 0.140311   -74.92   6.78013   2.20971 -0.107303  -0.0118418 -0.00528287  -0.0190082 -0.00269826 -0.00111623 8.17708e-05  0.0237858 -0.0537333 -0.0164783 -6.89384e-05  3.93244e-05  4.26531e-05 -0.00612959 0.000125949    -4.02928  0.0580435 0.00526656   -9.80883 
              69.822  0.416329 0.0886134  -75.0688  6.78123  2.20765 -0.10552  -0.0123441 -0.00426047  -0.0190253 -0.00270385 -0.00111861 8.53509e-05   0.018088 -0.0430338 -0.0101755 -6.33911e-05   6.7842e-05  3.56103e-05 -0.00574872 0.000308805    -4.02968 0.0581387 0.0056619  -9.80883 
              69.922  0.407315 0.0855979  -75.1938   6.78524   2.20817 -0.107026  -0.0118447 -0.00271911  -0.0190453 -0.00271396 -0.00111333 8.55555e-05  0.0247377 -0.0196135 -0.0170917 -5.86187e-05  6.88864e-05  3.04504e-05 -0.00517874 0.000101895    -4.02965  0.0586361 0.00596432   -9.80882 
              70.022 0.413063 0.107541 -75.2939   6.78579   2.20719 -0.106031  -0.0124664 -0.00247536  -0.0191196 -0.00271736 -0.00111721 8.47707e-05  0.0166161 -0.0186894 -0.0132844 -6.1341e-05 5.67235e-05 2.70848e-05 -0.00506307 0.000331819    -4.02997  0.0585313 0.00618419   -9.80882 
              70.122   0.40965 0.0906739  -75.3749   6.78714   2.20428 -0.106998  -0.0125169 -0.00278081  -0.0191427 -0.00271526 -0.00111773 8.46305e-05  0.0152766 -0.0284075 -0.0173468 -5.92998e-05  6.64038e-05   2.2561e-05 -0.00516985 0.000354754    -4.03004  0.0584489 0.00611668   -9.80882 
              70.222  0.412242 0.0964724  -75.4569   6.78559   2.20056 -0.108541  -0.0134125 -0.00307341  -0.0193052 -0.00271268 -0.00112436 8.49031e-05 0.00317629 -0.0391052 -0.0218658 -6.00847e-05  6.34521e-05  2.49542e-05 -0.00526113 0.000695283    -4.03009  0.0581405 0.00625099   -9.80883 
              70.322 0.425288 0.128173 -75.5287   6.78386   2.19714 -0.110244  -0.0140506 -0.00290869  -0.0193317 -0.00271372 -0.00112934 8.46845e-05 -0.00533763  -0.0421169   -0.025438 -6.6826e-05 4.56687e-05 2.80131e-05 -0.00518559 0.000933609    -4.03017  0.0580084 0.00644789   -9.80883 
              70.422  0.420547 0.0996127  -75.5939   6.78362   2.19474 -0.110661   -0.014023 -0.00234899  -0.0193557 -0.00271773 -0.00112966 8.55326e-05 -0.00576439  -0.0343982  -0.0236107 -6.40853e-05  6.11461e-05  3.42487e-05 -0.00497385 0.000917286    -4.03042  0.0581469 0.00659363   -9.80883 
              70.522 0.418201 0.111579 -75.6288   6.78508   2.19275 -0.111141  -0.0134859 -0.00178224  -0.0193674 -0.00272168  -0.0011257  8.5863e-05 0.00168009 -0.0314397 -0.0226755 -6.29419e-05  5.40732e-05  2.79381e-05 -0.00476604 0.000707091    -4.03065  0.0584252 0.00662121   -9.80882 
              70.622 0.418846 0.109578 -75.6676   6.78554    2.1913 -0.110401  -0.0134683 -0.00125014  -0.0193644 -0.00272598 -0.00112593 8.57498e-05 0.00215902 -0.0274506 -0.0179192 -6.31599e-05  5.48346e-05   2.7621e-05 -0.00454858 0.000694094    -4.03099  0.058561 0.0067689  -9.80882 
              70.722 0.417216 0.114068 -75.7083   6.78623   2.18834 -0.110733  -0.0133214 -0.00127251  -0.0193479 -0.00272616  -0.0011248 8.57629e-05 0.00334023 -0.0307698 -0.0182976 -6.21844e-05  5.23434e-05  3.23504e-05 -0.00454821 0.000639103    -4.03117  0.0585997 0.00673382   -9.80882 
              70.822 0.422253 0.115293 -75.7372   6.78822    2.1885 -0.109233  -0.0129829 -0.00025962  -0.0193056 -0.00273462 -0.00112304 8.58382e-05 0.00913465 -0.0206781 -0.0124702 -6.50325e-05   5.1021e-05  3.46086e-05 -0.00413971 0.000493009    -4.03155  0.0589415 0.00694029   -9.80882 
              70.922 0.426082 0.131534 -75.7578   6.78664   2.18608 -0.109429   -0.0136804 -0.000432707   -0.0193808 -0.00273313 -0.00112823 8.59803e-05 -0.00128505  -0.0252475  -0.0140337 -6.65547e-05  4.20228e-05  3.56259e-05 -0.00418379 0.000762666    -4.03169  0.0587172 0.00706312   -9.80882 
              71.022 0.425721 0.141464 -75.7735   6.78684   2.18513 -0.109701  -0.0136565 6.74525e-05  -0.0193799  -0.0027373 -0.00112853 8.59107e-05 -0.000585617   -0.0221891   -0.0154026 -6.61861e-05  3.59654e-05  3.62752e-05 -0.00398177  0.00074456    -4.03183  0.0588461 0.00719719   -9.80882 
              71.122 0.423324 0.145108 -75.7837   6.78716   2.18363 -0.109911  -0.0135799 0.000316997  -0.0193736 -0.00273944 -0.00112824 8.60341e-05 0.000406414  -0.0225649  -0.0161076 -6.47099e-05   3.3609e-05  3.59845e-05 -0.00387578 0.000710436      -4.032  0.0589305 0.00725163   -9.80882 
              71.222 0.422457  0.14657 -75.7947   6.78765   2.18309 -0.109815  -0.0135275 0.000850242  -0.0193709 -0.00274378 -0.00112855 8.62952e-05 0.00165512 -0.0189205 -0.0155177 -6.40798e-05    3.238e-05  3.76904e-05  -0.0036574 0.000680228     -4.0322  0.0590762 0.00738918   -9.80882 
              71.322 0.428249 0.141588 -75.7995   6.78775   2.18114 -0.108772  -0.0135457 0.000846218  -0.0193727 -0.00274371 -0.00112861  8.6324e-05 0.000683931   -0.022252  -0.0119515 -6.70831e-05  3.50454e-05  3.69552e-05 -0.00363946 0.000687094    -4.03251 0.0590783 0.0074013  -9.80882 
              71.422 0.428216 0.147638 -75.7978   6.78774   2.18075 -0.108375 -0.0136434 0.00138825 -0.0193843 -0.00274796 -0.00112985 8.62532e-05 -0.000443881   -0.0169113   -0.0116824 -6.68011e-05  3.12439e-05  3.38509e-05 -0.00341495 0.000714422     -4.0327  0.0591851 0.00757595   -9.80882 
              71.522 0.425499 0.143948 -75.7987   6.78798   2.18072 -0.109353 -0.0136235 0.00187894 -0.0193844  -0.0027519 -0.00113033 8.64386e-05 3.78523e-05  -0.0125137  -0.0160755 -6.51048e-05   3.3131e-05  3.29854e-05 -0.00322163 0.000697052    -4.03275  0.0593074 0.00770461   -9.80882 
              71.622 0.424945 0.153916 -75.8048   6.78886   2.17929 -0.109296 -0.0133787 0.00188319 -0.0193511 -0.00275274 -0.00112842 8.64803e-05 0.00307556  -0.016489 -0.0156038 -6.47442e-05  2.76204e-05  3.57051e-05 -0.00320837 0.000601193    -4.03295   0.059381 0.00765572   -9.80882 
              71.722 0.424426 0.157245  -75.805   6.78925   2.17823 -0.109214 -0.0133869 0.00206865 -0.0193506 -0.00275446 -0.00112882 8.65093e-05 0.00297469 -0.0173938 -0.0151464 -6.42491e-05  2.56127e-05  3.56337e-05  -0.0031186 0.000599934    -4.03315  0.0594298 0.00771537   -9.80882 
              71.822 0.425845 0.145351 -75.8051   6.78981   2.17703 -0.108665 -0.0133401 0.00223806 -0.0193449 -0.00275582  -0.0011287 8.66821e-05  0.0035593 -0.0182456 -0.0132714 -6.48628e-05  3.20398e-05  3.57315e-05 -0.00303354 0.000577201    -4.03339  0.0594906 0.00775883   -9.80882 
              71.922 0.425952 0.140572 -75.8064   6.79014   2.17532 -0.108566 -0.0133546 0.00228543 -0.0193466 -0.00275626 -0.00112889 8.66889e-05 0.00305993 -0.0208005 -0.0134855 -6.47094e-05  3.45686e-05  3.69417e-05 -0.0030017 0.00058114   -4.03357  0.0595034 0.00778072   -9.80882 
              72.022 0.428088 0.128385 -75.8051   6.78997   2.17401 -0.109039 -0.0135132 0.00250106 -0.0193643 -0.00275779 -0.00113044 8.67558e-05 0.000691735  -0.0205306   -0.015491 -6.55953e-05  4.10828e-05  3.72248e-05 -0.00290526 0.000638305    -4.03369  0.0595151 0.00787947   -9.80882 
              72.122 0.425546 0.149067 -75.8021   6.78964   2.17421 -0.109045 -0.0137112 0.00310937 -0.0193899 -0.00276289 -0.00113285 8.57559e-05 -0.00183886  -0.0126201  -0.0152562 -6.38667e-05  2.91107e-05   3.6979e-05 -0.00264819 0.000701901    -4.03388  0.0596106 0.00809471   -9.80882 
              72.222 0.428778 0.143005  -75.796  6.78965  2.17411 -0.10945 -0.0136781 0.00339384 -0.0193873 -0.00276526 -0.00113293 8.59093e-05 -0.00222822 -0.00839571  -0.0164401 -6.54712e-05  3.21864e-05    3.517e-05 -0.00252613 0.000681586    -4.03402  0.0596908 0.00816775   -9.80881 
              72.322 0.426341 0.142493 -75.7924   6.78999    2.1734 -0.109809 -0.0135394  0.0034606 -0.0193599 -0.00276629 -0.00113197 8.59083e-05 -0.000430849   -0.0108446   -0.0170858 -6.39908e-05  3.23146e-05  3.50553e-05 -0.00248594 0.000623979    -4.03418  0.0597509 0.00816072   -9.80881 
              72.422 0.426793 0.136425 -75.7882   6.79031   2.17244 -0.109474 -0.0134514 0.00349808 -0.0193422   -0.002767 -0.00113138 8.59275e-05 0.000540738  -0.0131872  -0.0151877 -6.40842e-05  3.55364e-05   3.4592e-05 -0.00244547 0.000586569    -4.03442 0.0597949 0.0081627  -9.80881 
              72.522  0.42895 0.140573 -75.7864  6.79097  2.17226 -0.10837 -0.0133413 0.00381415 -0.0193229 -0.00277023 -0.00113104 8.58014e-05 0.00245009 -0.0115521 -0.0113387 -6.51455e-05  3.29309e-05  3.55765e-05 -0.00229092  0.00053319    -4.03472  0.0599117 0.00823563   -9.80881 
              72.622 0.425883 0.128931 -75.7801   6.79114   2.17129 -0.108251 -0.0133726 0.00387266 -0.0193264 -0.00277073 -0.00113143 8.58463e-05 0.00169734 -0.0135078 -0.0120064 -6.3212e-05 3.92179e-05   3.396e-05 -0.00225323 0.000543337    -4.03488  0.0599229 0.00826465   -9.80881 
              72.722 0.426631 0.126918 -75.7765   6.79166   2.17091 -0.108471 -0.0133194  0.0041627 -0.0193237 -0.00277322 -0.00113144 8.58355e-05 0.00262347 -0.0123213 -0.0135737 -6.34579e-05  4.00237e-05   3.3818e-05  -0.0021286 0.000514072    -4.03501  0.0600092 0.00833413   -9.80881 
              72.822 0.427398 0.126518  -75.769   6.79148   2.17093 -0.109968  -0.013479 0.00451046  -0.019343 -0.00277577 -0.00113318 8.57658e-05 0.000457633  -0.0100313  -0.0188297 -6.35842e-05  3.98799e-05  3.15631e-05 -0.00198399 0.000569434    -4.03502  0.0600482 0.00846503   -9.80881 
              72.922 0.425244 0.133135 -75.7713   6.79196   2.17079 -0.109177  -0.013406 0.00475838 -0.0193378 -0.00277845 -0.00113317 8.56322e-05    0.001706 -0.00933425   -0.014756 -6.22382e-05  3.59483e-05  3.48008e-05 -0.00186597 0.000531977    -4.03533  0.0601344 0.00852291   -9.80881 
              73.022 0.428114 0.131059 -75.7613   6.79166   2.17089 -0.109308 -0.0135682 0.00502801 -0.0193563 -0.00278054 -0.00113471 8.56832e-05 -0.000656472  -0.00791364   -0.0150509 -6.35263e-05  3.67812e-05  3.10664e-05 -0.00174187 0.000589664    -4.03549  0.0601587 0.00863774   -9.80881 
              73.122  0.42867 0.126737 -75.7571    6.7918   2.17004 -0.109079 -0.0135143 0.00502748 -0.0193508 -0.00278067  -0.0011343  8.5686e-05  -0.010799 -0.0124556 -0.0414109 -6.36581e-05  3.90431e-05  3.04949e-05  -0.0017301 0.000566748     -4.0357  0.0601787 0.00863077   -9.80881 
              73.222 0.425832 0.121952 -75.7569   6.79058   2.16934 -0.113523 -0.0133705 0.00524182 -0.0193366 -0.00278279 -0.00113359 8.57264e-05 -0.0189699 -0.0141844 -0.0672736 -5.62699e-05  4.14454e-05  3.18813e-05 -0.00163164 0.000501243    -4.03592 0.0602737 0.0086611  -9.80881 
              73.322 0.423625 0.123422 -75.7549   6.79007   2.16828 -0.114176 -0.0130298 0.00529684 -0.0192701 -0.00278497 -0.00113139 8.57301e-05 -0.0141167 -0.0152796 -0.0518689 -4.96718e-05  4.04585e-05  3.22758e-05 -0.00154649 0.000367366    -4.03659  0.0604022 0.00863268   -9.80881 
              73.422 0.419621 0.112595 -75.7469    6.7923     2.169 -0.113065 -0.0124487 0.00576839 -0.0190391 -0.00279122 -0.00112618 8.62469e-05 -0.000361718  -0.00852521   -0.0357379 -4.77872e-05  4.60233e-05  2.92801e-05  -0.00122242 -2.70517e-05     -4.03728  0.0607936 0.00863954   -9.80881 
              73.522 0.423594 0.118479 -75.7465   6.79248   2.16895 -0.111143 -0.0123178 0.00589616 -0.0190056 -0.00279354 -0.00112616 8.60748e-05 -5.65875e-05  -0.00777939   -0.0221066 -4.99591e-05   4.2535e-05  3.05985e-05   -0.0011002 -2.33423e-05     -4.03789  0.0608567 0.00870089   -9.80881 
              73.622 0.420293 0.117647 -75.7439   6.79198   2.16855 -0.109189 -0.0124071 0.00594607 -0.0190188 -0.00279432 -0.00112747 8.60352e-05 -0.00245014 -0.00871225  -0.0128066 -4.7929e-05 4.28162e-05 3.07998e-05 -0.00104019 4.09496e-05    -4.03835  0.0608445 0.00876307   -9.80881 
              73.722 0.419728 0.104071  -75.739   6.79294   2.16837 -0.108066 -0.0121214 0.00616155 -0.0189958 -0.00279636 -0.00112567 8.61543e-05  0.00183614 -0.00813139 -0.00938401 -4.76379e-05  5.00591e-05   2.9458e-05 -0.000942868 -7.42361e-05     -4.03863  0.0609732 0.00876521   -9.80881 
              73.822 0.417614 0.100976 -75.7346   6.79418   2.16898 -0.108301 -0.0119037 0.00658025 -0.0189847 -0.00279986 -0.00112459 8.62681e-05  0.00574106 -0.00458731  -0.0115857 -4.64509e-05   5.1354e-05  2.83558e-05 -0.000775355 -0.000170153     -4.03872  0.0611261 0.00882924   -9.80881 
              73.922 0.420652 0.112104 -75.7311   6.79495   2.16937 -0.108864 -0.0118869 0.00682674 -0.0189884 -0.00280203 -0.00112481 8.58802e-05   0.0063137 -0.00370783   -0.014102 -4.79983e-05  4.48657e-05  2.75902e-05 -0.000670847 -0.000184267     -4.03881  0.0611889 0.00889258   -9.80881 
              74.022 0.422916 0.109604 -75.7317   6.79478   2.16862 -0.107742 -0.0121268 0.00668981 -0.0190122 -0.00280082  -0.0011264 8.59175e-05   0.0220092 -0.00334371   0.0432301 -4.89537e-05  4.61864e-05  2.90164e-05 -0.000705008 -8.65393e-05     -4.03904  0.0611018 0.00891649   -9.80881 
              74.122 0.426041 0.112284 -75.7306  6.79597  2.16862 -0.10275  -0.012402 0.00676824  -0.019048 -0.00280104 -0.00112854 8.59611e-05   0.0176953 -0.00438038   0.0410184 -5.05263e-05  4.44997e-05  2.94824e-05 -0.000665147  1.43231e-05     -4.03914  0.0610515 0.00899635   -9.80881 
              74.222 0.427892 0.103702  -75.732   6.79501   2.16821 -0.102127 -0.0133103  0.0068374 -0.0191836 -0.00279973  -0.0011337  8.6064e-05   0.0065411 -0.00624564   0.0250807 -5.1154e-05 4.90717e-05 3.12742e-05 -0.000696583  0.000246486     -4.03879 0.0608619   0.00913  -9.80881 
              74.322 0.428982 0.106853   -75.73   6.79542   2.16834 -0.103722 -0.0132499 0.00717455 -0.0192597  -0.0028012 -0.00113452 8.60217e-05  0.00535551 -0.00555657  0.00695218 -5.17386e-05  4.69671e-05  3.11161e-05 -0.000633455  0.000295033     -4.03838  0.0608876 0.00920122   -9.80881 
              74.422  0.425058 0.0999807  -75.7255   6.7961  2.16861 -0.10554 -0.0131711 0.00746659 -0.0192855 -0.00280313 -0.00113456 8.61256e-05  0.00566563 -0.00440077 -0.00594093 -4.9486e-05 5.04372e-05 2.94029e-05 -0.000549159  0.000294054     -4.03813  0.0609432 0.00925937   -9.80881 
              74.522 0.424662 0.093792 -75.7244  6.79555   2.1685 -0.10653 -0.0134505 0.00754015   -0.01932 -0.00280325 -0.00113683 8.61461e-05 0.000845648 -0.00512024  -0.0117585 -4.89566e-05  5.36531e-05   2.9533e-05 -0.000513358  0.000406301     -4.03812  0.0608856 0.00934057   -9.80881 
              74.622 0.426614  0.10332  -75.724   6.79457   2.16831 -0.107515 -0.0137092 0.00759936 -0.0193465 -0.00280343 -0.00113901 8.60591e-05 -0.00388825 -0.00599297  -0.0156287 -4.97332e-05  4.81628e-05  2.99744e-05 -0.000474229  0.000515282     -4.03816  0.0608315 0.00941943   -9.80881 
              74.722  0.424112 0.0979184   -75.722    6.7958   2.16858 -0.108168 -0.0133682 0.00786901 -0.0193065 -0.00280625 -0.00113666 8.61022e-05  0.00204854 -0.00443755  -0.0172062 -4.83995e-05  5.08404e-05   2.9387e-05 -0.000361504  0.000354619     -4.03828  0.0609919 0.00941451   -9.80881 
              74.822 0.423939 0.103541   -75.72   6.79565   2.16826 -0.108399 -0.0134542 0.00789331 -0.0193159 -0.00280649 -0.00113745 8.60998e-05 0.000188166 -0.00610504  -0.0167689 -4.80969e-05  4.75398e-05   2.8743e-05 -0.000334851  0.000391044     -4.03846  0.0609791 0.00944724   -9.80881 
              74.922 0.422955 0.110467 -75.7193   6.7948   2.1686 -0.10912 -0.0136859 0.00809993 -0.0193423 -0.00280801 -0.00113964  8.5912e-05 -0.00367719 -0.00448116  -0.0180638 -4.72634e-05  4.34222e-05  2.87603e-05 -0.000229048  0.000483061     -4.03858  0.0609685 0.00956049   -9.80881 
              75.022 0.420011 0.112296 -75.7182   6.79509   2.16893 -0.109477 -0.0135597 0.00831146 -0.0193287 -0.00281005 -0.00113903 8.59746e-05 -0.00144654 -0.00359736  -0.0177666 -4.55611e-05  4.21435e-05  2.85159e-05 -0.000130394  0.000421267     -4.03876  0.0610558 0.00959335   -9.80881 
              75.122 0.417249 0.102952 -75.7185    6.7958   2.16875 -0.108782 -0.0133729 0.00837295  -0.019308  -0.0028109 -0.00113772 8.59924e-05  0.00149323 -0.00488114   -0.014069 -4.39994e-05   4.7151e-05  2.89019e-05 -9.04377e-05   0.00033787     -4.03904  0.0611276 0.00957538    -9.8088 
              75.222  0.418433 0.0987714  -75.7165    6.7964   2.16859 -0.107932 -0.0132811 0.00846017 -0.0192982 -0.00281174 -0.00113712 8.60159e-05  0.00286836 -0.00559024  -0.0110444 -4.45693e-05  4.92572e-05  2.80566e-05 -3.77231e-05  0.000293755      -4.0393  0.0611796 0.00958527    -9.8088 
              75.322 0.420226 0.103142 -75.7172   6.79511   2.16883 -0.108229 -0.0136676 0.00860852 -0.0193412 -0.00281248 -0.00114037 8.59241e-05 -0.00370122 -0.00451931  -0.0127353 -4.5192e-05 4.65882e-05 2.87855e-05 4.82283e-05 0.000454278    -4.03941  0.0611141 0.00971723    -9.8088 
              75.422 0.423512 0.108713 -75.7184   6.79496   2.16819 -0.107777 -0.0136141 0.00857908 -0.0193352 -0.00281251 -0.00113991 8.59238e-05 -0.00333289 -0.00754907  -0.0114459 -4.69002e-05   4.3377e-05  2.96531e-05 4.7619e-05  0.0004308   -4.03962  0.0611273 0.00970287    -9.8088 
              75.522 0.422826 0.104833  -75.716   6.79556    2.1683 -0.107592 -0.0134317 0.00881314 -0.0193165 -0.00281484 -0.00113881 8.58326e-05 -0.000107204  -0.00618977   -0.0114759 -4.64828e-05  4.52422e-05  2.84384e-05 0.000153545 0.000341605    -4.03978  0.0612344 0.00972781    -9.8088 
              75.622  0.416355 0.0998073  -75.7151   6.79581   2.16917 -0.107785  -0.013423  0.0091714 -0.0193167 -0.00281775 -0.00113935 8.60583e-05 0.000591483 -0.00219693  -0.0127031 -4.27631e-05  4.76651e-05  2.80629e-05 0.000317831 0.000323301     -4.0399  0.0613228 0.00982488    -9.8088 
              75.722  0.42035 0.106345 -75.7158   6.79551   2.16875 -0.107282 -0.0134991 0.00911813 -0.0193249 -0.00281748 -0.00113986 8.60849e-05 -0.00126387 -0.00511677  -0.0111794 -4.47929e-05  4.39253e-05  2.85585e-05 0.000311877 0.000357309    -4.04011   0.061296 0.00983416    -9.8088 
              75.822  0.41897 0.104731  -75.715   6.79609   2.16889 -0.107438 -0.0133629 0.00929814 -0.0193101  -0.0028192 -0.00113907 8.61109e-05  0.00116189 -0.00455628  -0.0123766 -4.39711e-05  4.45712e-05  2.80028e-05 0.000393976 0.000289802    -4.04023  0.0613771 0.00985433    -9.8088 
              75.922 0.419337 0.104615 -75.7114   6.79546   2.16874 -0.108471 -0.0135379 0.00936241   -0.01933 -0.00281951 -0.00114052 8.61293e-05 -0.00221466 -0.00502789  -0.0160268 -4.39268e-05  4.44383e-05  2.58415e-05  0.00043227 0.000363796    -4.04028  0.0613466 0.00991298    -9.8088 
              76.022  0.41762 0.102228 -75.7171   6.79612   2.16838 -0.107896 -0.0133477 0.00941133 -0.0193086 -0.00282041 -0.00113916 8.61511e-05  0.00080992 -0.00614923  -0.0131833 -4.29569e-05  4.56149e-05  2.86159e-05 0.000463792 0.000276466    -4.04053  0.0614154 0.00988955    -9.8088 
              76.122 0.422926 0.102561 -75.7172   6.79601   2.16784 -0.107524 -0.0133944 0.00942112 -0.0193145 -0.00282049 -0.00113955  8.6181e-05 -0.000458699  -0.00789431   -0.0118881 -4.57301e-05   4.5278e-05  2.84583e-05  0.00048547 0.000295277    -4.04073  0.0614113 0.00990928    -9.8088 
              76.222  0.421624 0.0957192  -75.7157   6.79577   2.16804 -0.106705 -0.0134665 0.00962651 -0.0193229 -0.00282225 -0.00114039 8.61021e-05 -0.00170208 -0.00571995 -0.00951288 -4.48228e-05  4.87912e-05  2.75036e-05 0.000597859 0.000317011    -4.04096 0.0614465 0.0099881   -9.8088 
              76.322  0.42217 0.113898 -75.7186   6.79482   2.16796 -0.107357 -0.0136528 0.00973382 -0.0193451 -0.00282298 -0.00114203 8.57866e-05 -0.00511386 -0.00598601   -0.012784 -4.48762e-05  3.85162e-05   2.9193e-05 0.000657474 0.000394883    -4.04102 0.0614233 0.0100611   -9.8088 
              76.422 0.420497 0.106056 -75.7157   6.79565   2.16837 -0.107984 -0.0133938  0.0100079 -0.0193144 -0.00282551 -0.00114041 8.60921e-05 -0.000212906  -0.00393886   -0.0149607 -4.39663e-05  4.25651e-05   2.7554e-05 0.000775545 0.000267229    -4.04111 0.0615577 0.0100774   -9.8088 
              76.522 0.417817 0.106804 -75.7164  6.79593  2.16825 -0.10816 -0.0133387  0.0100802  -0.019308 -0.00282625 -0.00114017 8.61375e-05 0.000645516 -0.00489596  -0.0148654 -4.23778e-05  4.19758e-05  2.79448e-05 0.000817267  0.00023837    -4.04127 0.0615935 0.0100888   -9.8088 
              76.622 0.421399 0.106852 -75.7183   6.79532   2.16761 -0.107632 -0.0134819  0.0100253 -0.0193242 -0.00282573 -0.00114119 8.61939e-05 -0.00248174 -0.00753169    -0.01242  -4.414e-05 4.18522e-05 2.90256e-05 0.000815607 0.000303401     -4.0415 0.0615493 0.0101139   -9.8088 
              76.722  0.421124 0.0994956  -75.7171   6.7952   2.1676 -0.10732 -0.0134767  0.0101911 -0.0193239 -0.00282704 -0.00114139  8.6305e-05 -0.00240475   -0.006462   -0.011508 -4.38529e-05  4.56875e-05  2.83979e-05 0.000903221 0.000292448    -4.04169 0.0615939 0.0101621   -9.8088 
              76.822 0.420772 0.106635 -75.7173   6.79531   2.16786 -0.107245 -0.0134319  0.0104048 -0.0193191 -0.00282899 -0.00114138 8.61461e-05 -0.00142495 -0.00487599  -0.0116742 -4.35502e-05  4.14642e-05   2.8572e-05 0.00100836 0.00026169   -4.04184 0.0616589  0.010213   -9.8088 
              76.922 0.418999  0.10695 -75.7144   6.79542   2.16824 -0.108165 -0.0134046   0.010617 -0.0193163 -0.00283075 -0.00114146 8.60871e-05 -0.000731254  -0.00339297   -0.0150788 -4.24484e-05  4.10206e-05  2.69831e-05  0.00110662 0.000239462    -4.04188 0.0617161 0.0102645   -9.8088 
              77.022 0.417811 0.112646  -75.716 6.79615 2.16801 -0.1072 -0.0132418  0.0106561 -0.0192976 -0.00283173 -0.00114032 8.60976e-05  0.00210379 -0.00504022  -0.0111023 -4.17559e-05  3.77223e-05  2.78971e-05  0.00113692 0.000161818    -4.04217 0.0617759 0.0102457   -9.8088 
              77.122 0.416304 0.107774 -75.7131   6.79659   2.16848 -0.106917 -0.0132239  0.0108739 -0.0192957 -0.00283352  -0.0011405 8.62367e-05  0.00270668 -0.00310449  -0.0106669 -4.08012e-05  4.01571e-05  2.62781e-05  0.00124738 0.000142428    -4.04233 0.0618351 0.0103044   -9.8088 
              77.222 0.419909 0.113658 -75.7156   6.79649   2.16804 -0.106719 -0.0133003   0.010842 -0.0193045 -0.00283333 -0.00114103 8.62588e-05 0.000888714 -0.00573598  -0.0106334 -4.2622e-05 3.67995e-05 2.77239e-05  0.00124735 0.000177636    -4.04249 0.0618118 0.0103177   -9.8088 
              77.322  0.417626 0.0968068  -75.7155   6.79658   2.16794 -0.107008  -0.013313  0.0109489 -0.0193062 -0.00283408 -0.00114131 8.64333e-05 0.000561035 -0.00560328  -0.0122232 -4.12178e-05  4.59447e-05  2.75887e-05  0.00130429 0.000177641    -4.04259 0.0618357 0.0103519   -9.8088 
              77.422 0.420558 0.111017 -75.7153   6.79662   2.16778 -0.106804  -0.013332  0.0110368 -0.0193085 -0.00283502 -0.00114156  8.6304e-05 0.000102517 -0.00611461  -0.0116385 -4.26993e-05  3.78793e-05  2.75231e-05   0.0013579 0.000180845    -4.04276 0.0618555 0.0103845   -9.8088 
              77.522 0.418104 0.104582 -75.7149   6.79713   2.16786 -0.106658 -0.0132487  0.0111997 -0.0192988 -0.00283652  -0.0011412 8.63785e-05  0.0017702  -0.005222 -0.0114355 -4.12591e-05  4.12231e-05  2.72212e-05  0.0014404 0.00013339   -4.04292 0.0619191 0.0104133   -9.8088 
              77.622  0.422987 0.0947467  -75.7135  6.79636  2.16762 -0.10694 -0.0134497  0.0112377 -0.0193224 -0.00283648 -0.00114282 8.65331e-05 -0.00238917 -0.00587882  -0.0126642 -4.37081e-05  4.65022e-05  2.63055e-05  0.00147586 0.000223523    -4.04303 0.0618776 0.0104724   -9.8088 
              77.722 0.415856 0.105757  -75.713   6.79629   2.16819 -0.107599 -0.0134523  0.0114959 -0.0193231 -0.00283869 -0.00114319 8.61021e-05 -0.00198499 -0.00319136  -0.0147592 -3.96262e-05  4.01054e-05  2.60906e-05  0.00160187 0.000211299    -4.04312 0.0619381 0.0105439   -9.8088 
              77.822  0.418729 0.0958847  -75.7152   6.79654   2.16785 -0.107272  -0.013361  0.0114988 -0.0193123 -0.00283893 -0.00114253 8.61033e-05 -0.000629085  -0.00500825   -0.0128962 -4.11474e-05  4.54488e-05  2.72467e-05  0.00161382 0.000167042    -4.04333 0.0619687 0.0105298   -9.8088 
              77.922 0.420825 0.102807 -75.7158  6.79525  2.16756 -0.10773 -0.0136174  0.0115176 -0.0193426 -0.00283882 -0.00114455 8.61085e-05 -0.00584935 -0.00609137   -0.014178 -4.20221e-05  4.14594e-05  2.76371e-05 0.00164336 0.00028471   -4.04344 0.0619081 0.0105962   -9.8088 
              78.022 0.417963 0.115371 -75.7152   6.79593   2.16768 -0.107768 -0.0133846  0.0117083 -0.0193147 -0.00284085 -0.00114308 8.61642e-05 -0.00110707 -0.00521271  -0.0137218 -4.04489e-05  3.42625e-05  2.73629e-05  0.00173276 0.000164771     -4.0436 0.0620177 0.0105985   -9.8088 
              78.122 0.418096 0.102263 -75.7129   6.79578   2.16767 -0.107261 -0.0134098  0.0118042 -0.0193176 -0.00284161 -0.00114344 8.62601e-05  -0.0016817 -0.00498512  -0.0115426 -4.03779e-05  4.13392e-05  2.61081e-05  0.00179498 0.000169875    -4.04382 0.0620389 0.0106359   -9.8088 
              78.222 0.419405 0.104041 -75.7139   6.79616   2.16776 -0.107419 -0.0133156   0.011946 -0.0193066 -0.00284294 -0.00114293 8.62556e-05  0.00015734 -0.00445225  -0.0123016 -4.10351e-05  4.01446e-05  2.66999e-05  0.00186595 0.000117197    -4.04394 0.0620994 0.0106557   -9.8088 
              78.322    0.419 0.109411 -75.7125   6.79585   2.16763 -0.106853 -0.0133919  0.0119997 -0.0193155  -0.0028436 -0.00114358 8.61639e-05 -0.00146556 -0.00513601  -0.0103533 -4.06335e-05  3.70053e-05  2.59748e-05  0.00191064 0.000148659    -4.04416 0.0620972 0.0106932   -9.8088 
              78.422  0.421902 0.0969726  -75.7143   6.79603   2.16751 -0.106394 -0.0133381  0.0120844 -0.0193091 -0.00284437 -0.00114328 8.62324e-05 -0.000631404  -0.00529479  -0.00941738 -4.21462e-05  4.37269e-05  2.69665e-05  0.00196094 0.000117238    -4.04433 0.0621355 0.0107085   -9.8088 
              78.522  0.418668 0.0980555  -75.7115   6.79626   2.16797 -0.106626 -0.0133087  0.0122999 -0.0193056 -0.00284614 -0.00114336 8.62649e-05 0.000195501 -0.00308283  -0.0110689 -4.0243e-05 4.28492e-05 2.54282e-05 0.00206871 9.0929e-05   -4.04443 0.0621947 0.0107616   -9.8088 
              78.622  0.417484 0.0978565  -75.7127   6.79671   2.16816 -0.106933 -0.0132376  0.0124173  -0.019297 -0.00284727 -0.00114303 8.62603e-05  0.00159929 -0.00283405   -0.012423 -3.95069e-05  4.27587e-05   2.6058e-05  0.00212845 4.98212e-05    -4.04453  0.062243 0.0107795   -9.8088 
              78.722 0.419666 0.100261 -75.7137    6.7972   2.16821 -0.107623 -0.0131832  0.0125024 -0.0192904 -0.00284812 -0.00114275 8.62174e-05  0.00255603 -0.00328955  -0.0145871 -4.06249e-05  4.12465e-05  2.66263e-05  0.00217184 1.84933e-05    -4.04461 0.0622788 0.0107919   -9.8088 
              78.822 0.421545 0.121793 -75.7122   6.79552   2.16772 -0.107733 -0.0135598  0.0124252 -0.0193361 -0.00284747 -0.00114554 8.61438e-05 -0.00537141 -0.00613471  -0.0140105 -4.13029e-05  2.92345e-05  2.59218e-05  0.00216763 0.000201874    -4.04477 0.0621662 0.0108613   -9.8088 
              78.922   0.41616 0.0997864  -75.7129   6.79631   2.16764 -0.106876 -0.0133181  0.0125531 -0.0193062 -0.00284858 -0.00114403 8.64767e-05 -0.000494863  -0.00563822   -0.0105155 -3.83422e-05  4.12461e-05  2.61583e-05 0.00223454 7.6223e-05   -4.04503  0.062266 0.0108477   -9.8088 
              79.022 0.418209 0.101756 -75.7135   6.79657   2.16771 -0.106378 -0.013276 0.0126839 -0.019301 -0.00284979  -0.0011439 8.64334e-05 0.000387558 -0.00489819 -0.00931584 -3.93827e-05  3.99493e-05  2.64431e-05  0.00230877 4.69428e-05    -4.04521 0.0623117  0.010878   -9.8088 
              79.122 0.420657 0.104264 -75.7123   6.79606   2.16765 -0.107287 -0.0133924  0.0127704 -0.0193149 -0.00285031 -0.00114492 8.64137e-05 -0.00208451 -0.00493239   -0.013152 -4.05422e-05  3.83761e-05  2.57346e-05  0.00235893 9.80565e-05    -4.04523 0.0623012 0.0109278   -9.8088 
              79.222 0.420831 0.110172 -75.7111   6.79592   2.16749 -0.106464 -0.0133923  0.0128294 -0.0193148 -0.00285111 -0.00114505 8.63664e-05 -0.00223631 -0.00544778 -0.00997363 -4.05091e-05  3.49442e-05  2.50423e-05  0.00240552 9.24759e-05    -4.04548 0.0623211 0.0109502   -9.8088 
              79.322  0.41915 0.099277 -75.7137   6.79546   2.16744 -0.106956 -0.0134495  0.0129269 -0.0193218 -0.00285185 -0.00114568 8.63657e-05 -0.00347425 -0.00516471  -0.0121876 -3.94209e-05  4.08112e-05  2.64293e-05  0.00246187 0.000113959    -4.04555 0.0623301  0.010991   -9.8088 
              79.422 0.415923 0.100415 -75.7112   6.79671    2.1679 -0.106683 -0.0131724  0.0131555  -0.019286 -0.00285395 -0.00114392 8.66423e-05  0.00254439 -0.00293997  -0.0111859 -3.76814e-05  3.99098e-05   2.5061e-05   0.00257049 -3.63997e-05     -4.04573 0.0624596 0.0109938  -9.80879 
              79.522  0.418532 0.0982755  -75.7107   6.79619   2.16795 -0.106984 -0.0133293  0.0132065 -0.0193055 -0.00285419 -0.00114519 8.66827e-05 -0.000933681  -0.00329279   -0.0123196 -3.89104e-05  4.09306e-05  2.48274e-05  0.00261283 3.64093e-05    -4.04583 0.0624327 0.0110457   -9.8088 
              79.622 0.415958 0.145469 -76.4516    6.7956   2.16719 -0.109667 -0.0134113  0.0131496 -0.0193156 -0.00284736 -0.00114338   8.682e-05 -0.00294165  -0.0074952  -0.0210065 -3.80654e-05  1.77174e-05   3.2011e-05  0.00258067 8.14691e-05     -4.0457 0.0623945 0.0110461   -9.8088 
              79.722 0.414044 0.111172 -78.0138   6.79607   2.16816 -0.108471 -0.0133299  0.0134788 -0.0192976 -0.00287141 -0.00117827   8.823e-05 -0.000679961  -0.00201941   -0.0138039 -3.91548e-05  4.26835e-05  4.57086e-05  0.00276338 1.58531e-05    -4.04607 0.0625034 0.0111229  -9.80879 
              79.822 0.404184 0.119701 -80.5001   6.79403   2.17038 -0.112195 -0.0138063  0.0138914 -0.0193338 -0.00283344 -0.00125574  8.8633e-05 -0.00885201  0.00591736  -0.0254092 -3.61715e-05  4.74344e-05  6.62881e-05   0.0029831 0.000215144    -4.04584 0.0624785 0.0113365  -9.80879 
              79.922 0.396215 0.192472 -84.0416   6.79541   2.16833 -0.113771  -0.013259  0.0135202 -0.0192558 -0.00289579 -0.00117079 9.09695e-05 -1.49998e-05   -0.0064698   -0.0261337 -3.66303e-05  2.09714e-05  0.000101126   0.00277051 -2.16763e-05     -4.04596 0.0625223 0.0111092  -9.80879 
              80.022 0.379527 0.210569 -88.0822   6.79239   2.16549 -0.108751  -0.013741  0.0129838 -0.0192997 -0.00282431 -0.00112914 9.07859e-05  -0.0123278  -0.0317742 -0.00448304 -3.49693e-05  2.63269e-05   9.8569e-05  0.00260031 0.000239178     -4.0468 0.0622896 0.0111268   -9.8088 
              80.122 0.371347 0.191589  -91.788   6.79162   2.15834 -0.108459 -0.0134516  0.0123894 -0.0192807 -0.00284508 -0.00111134 8.79152e-05  -0.0110972  -0.0565264 -0.00582439 -3.82842e-05  5.04492e-05  9.75958e-05  0.00229326 0.000132136    -4.04689 0.0621933 0.0109089   -9.8088 
              80.222 0.352378 0.246792 -93.3058   6.79196   2.14851 -0.106835 -0.0129577  0.0117434 -0.0193856 -0.00282437 -0.00125803 9.14048e-05 -0.00622668  -0.0755947 -0.00222943 -3.09296e-05  2.55312e-05  9.80828e-05    0.0019158 -8.68494e-05     -4.04715 0.0621092 0.0106101   -9.8088 
              80.322 0.351117  0.29289 -94.9651   6.79251   2.12823 -0.108567 -0.0118838 0.00934261 -0.0195122 -0.00282274 -0.00156933 9.92696e-05 -0.00212426   -0.118535  -0.0112206 -3.50458e-05  6.98355e-06  0.000113083  0.000727804 -0.000545074       -4.047  0.0616525 0.00978335    -9.8088 
              80.422 0.332095 0.270904 -97.4215   6.79506   2.11153 -0.109762 -0.0108688 0.00847658 -0.0194766 -0.00283355 -0.00155985 9.46819e-05 0.00961392  -0.132167 -0.0153288 -3.20749e-05  2.77984e-05  9.79812e-05  0.000260524 -0.000997657     -4.04701  0.0615869 0.00929699    -9.8088 
              80.522 0.322665 0.269889 -101.068   6.79457   2.09222 -0.108297 -0.0106301 0.00751412 -0.0194288 -0.00282577 -0.00144711 9.24504e-05 -0.00322966   -0.191204 -0.00905393 -3.66738e-05  4.02444e-05   0.00010043 -0.000150153  -0.00107378     -4.04736 0.0613558  0.009056   -9.8088 
              80.622 0.319886 0.264466 -105.835   6.78959   2.07277 -0.107352 -0.0114581 0.00698491 -0.0194258 -0.00267229  -0.0013995 9.34284e-05  -0.0242894    -0.20223 -0.00637076 -4.73766e-05  5.77688e-05  8.90556e-05 -0.000349262 -0.000654244     -4.04759  0.0610414 0.00923891   -9.80881 
              80.722 0.275511  0.30891 -110.874   6.78742   2.04992 -0.109482 -0.0111489 0.00681696  -0.019576 -0.00270692 -0.00138376 9.45688e-05 -0.0397391    -0.2507 -0.0154257 -3.64604e-05  4.80051e-05  7.90388e-05 -0.000408749 -0.000796308     -4.04744  0.0610531 0.00911564   -9.80881 
              80.822 0.228999 0.348367  -115.94   6.78168   2.01787 -0.107239 -0.0106235  0.0062282 -0.0196796  -0.0027658 -0.00135193 9.75025e-05  -0.0656529    -0.31554 -0.00637808 -2.66386e-05  3.91057e-05   7.9685e-05 -0.000903253  -0.00102038     -4.04788  0.0608235 0.00879609   -9.80881 
              80.922 0.202536 0.366624 -120.878   6.77199   1.98032 -0.108449 -0.0102841 0.00480545 -0.0195054 -0.00283686  -0.0013538 9.71477e-05 -0.0970267  -0.368042 -0.0122848 -2.91337e-05  3.99422e-05  8.38008e-05 -0.00156969 -0.00115143    -4.04784  0.0603725 0.00848569   -9.80881 
              81.022 0.160785 0.402434 -125.636   6.76366   1.94486 -0.108463 -0.0103138 0.00561628 -0.0197679 -0.00280751 -0.00134699 9.66104e-05  -0.100516  -0.376553 -0.0118528 -2.32318e-05  2.80845e-05  7.18701e-05 -0.00133444 -0.00114408    -4.04799  0.0605798 0.00856572   -9.80881 
              81.122 0.127613 0.416868 -130.136   6.75605   1.89953 -0.110498 -0.00863703   0.0050564  -0.0218797 -0.00279518 -0.00144171 9.53271e-05  -0.108249   -0.42365 -0.0188632 -2.35597e-05  2.66207e-05  9.50498e-05 -0.0015419  -0.001957   -4.04791  0.0605879 0.00788322   -9.80881 
              81.222 0.0860519   0.43138   -133.87   6.73456   1.84778 -0.110255 -0.00837832  0.00264957  -0.0212295 -0.00291367 -0.00161367 9.46362e-05  -0.187356  -0.476661 -0.0154619 -1.58817e-05  2.40373e-05  9.74667e-05 -0.00295669 -0.00206584    -4.04818  0.0595384 0.00754221   -9.80882 
              81.322  0.10904 0.406903 -137.181   6.70791   1.79591 -0.110322 -0.00850081  0.00109214  -0.0208949  -0.0029919 -0.00171583 9.17659e-05  -0.257268  -0.507759 -0.0143098 -4.2268e-05 4.09554e-05 8.79925e-05 -0.00388865 -0.00198204    -4.04837  0.0588137 0.00747088   -9.80882 
              81.422 0.0873197  0.414825  -140.377   6.67428   1.74948 -0.110835 -0.0102646 0.00031448  -0.018692 -0.00308097 -0.00170593 9.16895e-05  -0.301856  -0.483793 -0.0145561 -4.1722e-05 3.99776e-05 8.16432e-05 -0.00439508 -0.00108523     -4.0485  0.0583231 0.00813574   -9.80882 
              81.522 0.0326173  0.428746  -143.687   6.64293   1.70339 -0.111232  -0.0107504 0.000562962  -0.0179145 -0.00308192 -0.00169905  8.9547e-05  -0.325529  -0.478136 -0.0145981 -2.44014e-05  3.43255e-05  8.86802e-05  -0.00440048 -0.000788793     -4.04864  0.0583197 0.00836878   -9.80882 
              81.622 0.0129101  0.428163  -147.114   6.60746   1.66175 -0.112989 -0.0124356 0.00102979 -0.0165681  -0.0030538 -0.00169203 9.01443e-05  -0.357839   -0.45743 -0.0190933 -2.66298e-05  3.49294e-05   8.3292e-05 -0.00416957 2.43336e-05    -4.04864  0.0584569 0.00905757   -9.80882 
              81.722 0.0117645  0.408024  -150.784   6.57767   1.62542 -0.109504 -0.0133522 0.00394195 -0.0145449 -0.00299641  -0.0017424 9.61404e-05    -0.34476   -0.403847 -0.00417948  -4.051e-05 4.45392e-05   8.717e-05 -0.00313086 0.000760935    -4.04923 0.0593749 0.0096511  -9.80882 
              81.822 -0.0265825   0.408009   -154.578    6.5456   1.58625 -0.113922 -0.0136661 0.00463541 -0.0140641 -0.00298538 -0.00176626 9.59564e-05   -0.43376  -0.421343 -0.0219399 -3.39827e-05    4.399e-05  8.39184e-05 -0.00261238 0.000719382    -4.04882  0.0597678 0.00966421   -9.80881 
              81.922 -0.0325087   0.396521   -158.528   6.50548   1.54922 -0.112342 -0.0140522 0.00656447 -0.0128427  -0.0029444 -0.00179193 9.66583e-05   -0.45187  -0.386778 -0.0128194 -4.58388e-05  4.75656e-05    7.251e-05 -0.00182325  0.00114196    -4.04924  0.0604652 0.00995291   -9.80881 
              82.022 -0.102956  0.408767  -162.333   6.46269   1.51227 -0.112836 -0.0139639 0.00766675 -0.0122375 -0.00292759 -0.00179418 9.54349e-05  -0.460545  -0.364459 -0.0137746 -2.13368e-05  3.78992e-05  8.18439e-05 -0.00140796  0.00117967    -4.04934 0.0608389 0.0099469  -9.80881 
              82.122 -0.0591747   0.379114   -165.993   6.41907   1.48455 -0.113511  -0.0155407  0.00915733 -0.00789254 -0.00292267 -0.00174399 0.000105034  -0.467232  -0.309288 -0.0146936 -5.87499e-05  4.93574e-05  7.30186e-05 -0.000860259   0.00206288     -4.04944 0.0613972 0.0106163   -9.8088 
              82.222 -0.0669716   0.365398   -169.465   6.36779   1.45866 -0.112717  -0.0164983  0.00871771 -0.00726289 -0.00296585 -0.00173594  0.00010549  -0.532702  -0.276024 -0.0106175 -6.6271e-05 5.47319e-05 6.80353e-05 -0.00138189  0.00273859    -4.04971 0.0610928  0.011179   -9.8088 
              82.322 -0.136915  0.367444  -172.883   6.30599   1.42625 -0.110984  -0.0148621  0.00766499 -0.00914715 -0.00296926 -0.00177862  0.00011226   -0.602878   -0.278721 -0.00518143 -4.03519e-05  5.13229e-05   8.1242e-05 -0.00207894  0.00215163    -4.05002 0.0604721 0.0107304  -9.80881 
              82.422 -0.112552  0.344171  -176.103   6.24866   1.40583 -0.111667  -0.0164669    0.008653 -0.00568443   -0.002987 -0.00173917 0.000116328   -0.595013   -0.233865 -0.00882047 -6.39699e-05  5.90207e-05  7.64291e-05 -0.00167538  0.00298436    -4.05003 0.0609472 0.0113432   -9.8088 
              82.522 -0.140139  0.351871  -179.151   6.18529   1.38854 -0.114002  -0.0179933   0.0076853 -0.00467107 -0.00302446 -0.00174122 0.000116386  -0.608796  -0.196617 -0.0166883 -5.77007e-05  5.15577e-05  7.17829e-05 -0.00209299  0.00360993    -4.04991 0.0607093 0.0119581   -9.8088 
              82.622 -0.150376  0.328194   178.072   6.12977   1.37545 -0.108848  -0.0186854  0.00982402 -0.00286411 -0.00305196 -0.00169309 0.000117498  -0.586229  -0.160196 0.00244958 -6.07601e-05  5.92634e-05  6.72495e-05 -0.00157442  0.00453513    -4.05064 0.0613972 0.0124602   -9.8088 
              82.722 -0.165364  0.322162   175.421   6.06558   1.36551 -0.115105  -0.0206216  0.00807362 -0.00387216 -0.00309144 -0.00172106 0.000117438   -0.60998  -0.115837 -0.0221151 -5.95057e-05  5.94145e-05  7.53472e-05 -0.00230018  0.00501642    -4.04999 0.0609146 0.0131131   -9.8088 
              82.822 -0.175217  0.327505   172.802    5.9993   1.35732 -0.117393 -0.0211876 0.00665285 -0.0048608 -0.00310473 -0.00174025 0.000118977   -0.62903 -0.0842274 -0.0256374 -6.16084e-05  5.24563e-05   8.6326e-05 -0.00302952  0.00523718    -4.05001 0.0603927 0.0134743   -9.8088 
              82.922 -0.161069  0.326858   170.323   5.92719   1.36019 -0.116616  -0.0231526  0.00463668 -0.00701249 -0.00314121 -0.00176398 0.000123239  -0.690108 -0.0122698 -0.0175326 -7.58244e-05  4.94434e-05  7.89134e-05 -0.00411452  0.00634371    -4.05041 0.0598252 0.0145991  -9.80881 
              83.022 -0.169829  0.307183   167.935   5.86262   1.36211 -0.115601  -0.0235222  0.00555524 -0.00606634 -0.00314957 -0.00175229 0.000124046   -0.65654  0.0207461 -0.0114546 -7.79127e-05  5.58402e-05  7.63907e-05 -0.00373936  0.00677554    -4.05072 0.0602379 0.0147813   -9.8088 
              83.122 -0.189498  0.304978   165.711  5.79586  1.36619 -0.11288  -0.0233765  0.00527934 -0.00637486 -0.00315495 -0.00176098  0.00012348   -0.654468   0.0408155 -0.00176345 -7.3401e-05 5.34678e-05 8.41228e-05 -0.00399516  0.00699146    -4.05115 0.0601039 0.0149582   -9.8088 
              83.222 -0.164733  0.315632   163.624   5.73302    1.3655 -0.112156  -0.0219412   0.0061566 -0.00530068 -0.00313178 -0.00174123 0.000120136   -0.658039   0.0444522 -0.00254537 -9.37875e-05  4.30839e-05  8.34487e-05 -0.00348498  0.00638946    -4.05125 0.0602914 0.0143214   -9.8088 
              83.322 -0.189162  0.315273   161.743   5.66294    1.3763 -0.111133  -0.0229407  0.00509166 -0.00661881 -0.00315473 -0.00177082 0.000118607   -0.677872   0.0808657 -0.00143594 -8.50991e-05  4.07255e-05  7.53111e-05 -0.00407508  0.00694087    -4.05142 0.0600231 0.0149164  -9.80881 
              83.422 -0.193599  0.285742   159.879   5.60211   1.38861 -0.111144  -0.0242149  0.00649793 -0.00528723 -0.00318028 -0.00175695 0.000120916   -0.640721    0.109522 -0.00402292 -8.71527e-05  5.26349e-05  8.71046e-05 -0.0034561 0.00769194   -4.05145 0.0607474 0.0152515   -9.8088 
              83.522 -0.173291  0.297984   158.117 5.54206  1.4062 -0.1137   -0.025994  0.00692326 -0.00496022 -0.00320315 -0.00176093 0.000123421  -0.609768   0.145136 -0.0143144 -0.00010188 4.21589e-05 9.86393e-05 -0.00330887  0.00852244    -4.05124 0.0611604 0.0158297   -9.8088 
              83.622 -0.204174  0.283649   156.484   5.47893    1.4201 -0.113113  -0.0254532  0.00637165 -0.00513955 -0.00319356 -0.00176697 0.000124105  -0.604094   0.146623 -0.0108719 -8.94499e-05  4.74482e-05  9.29731e-05 -0.00357021  0.00832007    -4.05147 0.0608859 0.0157606   -9.8088 
              83.722 -0.214135  0.261867     154.9  5.41609  1.44071 -0.11014  -0.0262092  0.00525465 -0.00630019 -0.00319794  -0.0017864 0.000122402    -0.618718     0.185793 -0.000435628 -8.74819e-05  5.68341e-05  0.000103991 -0.0041071 0.00883628   -4.05193  0.060663 0.0163135   -9.8088 
              83.822 -0.227586   0.25002   153.467   5.35266   1.46228 -0.110613 -0.0266912 0.00476662 -0.0068595   -0.003201 -0.00179806 0.000122259   -0.650904    0.224507 -0.00523267 -8.30686e-05   6.0487e-05  0.000108963 -0.00439847  0.00903956    -4.05191  0.060539 0.0165737   -9.8088 
              83.922 -0.215926  0.253546   152.139   5.29257     1.484 -0.113916  -0.0268514  0.00598472 -0.00643738 -0.00321167 -0.00178014 0.000121052  -0.624356   0.233311 -0.0178321 -9.23126e-05  5.46959e-05  9.45622e-05 -0.00381347  0.00910726    -4.05162 0.0609931 0.0163975   -9.8088 
              84.022 -0.23134 0.237069  150.916   5.22944   1.50672 -0.112691  -0.0263898  0.00599537 -0.00662306 -0.00320629 -0.00177916  0.00012119 -0.623817  0.237612 -0.011155 -8.6718e-05 6.12414e-05 0.000106237 -0.00386932   0.0089897    -4.05196 0.0609072 0.0163089   -9.8088 
              84.122 -0.205916  0.262484   149.766   5.17138   1.53504 -0.110725  -0.0275363  0.00669097 -0.00601679 -0.00323033   -0.001785 0.000123056   -0.600313    0.262183 -0.00388831 -0.000102425  4.41883e-05  0.000112785 -0.00370482  0.00975884    -4.05231 0.0613453 0.0167363  -9.80879 
              84.222 -0.232278  0.229428   148.791    5.1152   1.56112 -0.109596  -0.0276909  0.00751651 -0.00581324 -0.00324331 -0.00177414 0.000124025    -0.57921    0.267362 -0.00202619 -8.98383e-05  5.99009e-05  0.000112157 -0.00331857  0.00995318    -4.05248 0.0616894 0.0166926  -9.80879 
              84.322 -0.207671  0.242788   147.916   5.05633   1.58938 -0.105847 -0.0275876 0.00713483 -0.0059472 -0.00324025 -0.00178085 0.000124429  -0.577463   0.285041 0.00782224 -0.000105145  5.06254e-05  0.000112279 -0.00352232  0.00998998    -4.05291 0.0615559 0.0167858  -9.80879 
              84.422 -0.249732  0.197859   147.177   4.99901   1.61634 -0.108919  -0.0273803  0.00734943 -0.00572091 -0.00323705 -0.00177224 0.000126126   -0.568618    0.285281 -0.00816171 -8.33913e-05  7.36514e-05  0.000106573 -0.00342499  0.00978509    -4.05253 0.0615496 0.0166194  -9.80879 
              84.522 -0.215823  0.230172   146.522   4.93606   1.64829 -0.112805  -0.0274966  0.00582322 -0.00619242 -0.00321566  -0.0017965 0.000130444 -0.584181  0.308325 -0.021556 -0.00010312 5.49157e-05 0.000117272 -0.00427759  0.00963632    -4.05222  0.060937 0.0169038   -9.8088 
              84.622 -0.224758  0.219124   146.011  4.88067  1.67993 -0.11348  -0.0279103  0.00613723 -0.00626362  -0.0032285 -0.00179728 0.000130259  -0.560296   0.307016 -0.0198914 -9.87188e-05  5.95983e-05   9.6282e-05  -0.004125 0.00993247   -4.05239  0.061159 0.0170256  -9.80879 
              84.722 -0.228189  0.212675   145.656   4.82683   1.71148 -0.110396  -0.0280903  0.00623725 -0.00644265 -0.00324045 -0.00179737 0.000130126   -0.547488    0.311318 -0.00664789 -9.71194e-05   6.1804e-05  0.000102266 -0.00396499   0.0102056    -4.05293  0.061347 0.0171234  -9.80879 
              84.822 -0.218947  0.238624   145.455   4.77335   1.74687 -0.109867  -0.0289297  0.00589395 -0.00713669 -0.00325504 -0.00181589 0.000131272  -0.531577   0.333847 -0.0058622 -0.000101839  4.69065e-05  0.000101227 -0.00416971   0.0106573    -4.05307 0.0614056 0.0175087  -9.80879 
              84.922 -0.255501  0.204396   145.389   4.71713   1.78134 -0.113117  -0.0288834  0.00528921 -0.00708993 -0.00324255 -0.00182829 0.000129911   -0.54333   0.339039 -0.0178263 -8.15304e-05  6.58397e-05  9.99918e-05 -0.00457837     0.01053    -4.05282 0.0611044 0.0176057  -9.80879 
              85.022 -0.271754  0.185442   145.488   4.66349   1.81357 -0.111351   -0.028543  0.00542845 -0.00692061 -0.00324092 -0.00181831 0.000130598   -0.539426    0.332899 -0.00969974 -7.22811e-05  7.62305e-05  0.000106456 -0.00435924   0.0104264    -4.05319 0.0611745 0.0174464  -9.80879 
              85.122 -0.256506  0.206391    145.81   4.60841   1.84673 -0.112903 -0.0283893  0.0052267 -0.0068493 -0.00323326 -0.00182154 0.000130642  -0.543354    0.33343 -0.0148987 -7.99957e-05  6.53598e-05  0.000105952 -0.0044649  0.0103226   -4.05315 0.0610627 0.0174265  -9.80879 
              85.222 -0.218156  0.248283   146.272   4.55017   1.88067 -0.113781   -0.028089  0.00438506 -0.00666736 -0.00321398 -0.00183613 0.000131998  -0.558509   0.337767 -0.0164319 -0.000100193  4.39096e-05  0.000101585 -0.00487897   0.0100962    -4.05322 0.0606956 0.0174665   -9.8088 
              85.322 -0.22195 0.239698  146.834   4.49653   1.91277 -0.109326  -0.0279867   0.0048941 -0.00673163 -0.00322058 -0.00182309 0.000133198   -0.551996    0.334759 -0.00034724 -9.64637e-05  4.94999e-05  0.000109827 -0.00450995   0.0100842    -4.05384 0.0609143 0.0173072   -9.8088 
              85.422 -0.213897  0.241246   147.666   4.44809   1.94307 -0.108719 -0.0279904 0.00658679 -0.0070181 -0.00324568 -0.00177846 0.000135291   -0.526764    0.325187 -0.00112306 -9.86083e-05  4.92904e-05  0.000103934 -0.00358324   0.0102233    -4.05393 0.0615654 0.0169944  -9.80879 
              85.522 -0.202488  0.227891   148.609 4.39403 1.97489 -0.1054 -0.0277304 0.00637358 -0.0069606 -0.00323595 -0.00177907  0.00013509  -0.531297   0.324056 0.00619455 -0.000102566  5.85597e-05   0.00010063 -0.00366327   0.0100514    -4.05428 0.0614403 0.0169227  -9.80879 
              85.622 -0.194917  0.241923   149.661   4.34159   2.01123 -0.107641  -0.0285331  0.00615025 -0.00705009 -0.00324768  -0.0017931 0.000135258    -0.52825    0.341729 -0.00581393 -0.000103618   5.2809e-05  0.000108397 -0.00385483   0.0104799    -4.05401 0.0614976 0.0172765  -9.80879 
              85.722 -0.217797  0.203108    150.88   4.28626   2.03923 -0.105924   -0.027121  0.00620374 -0.00676002 -0.00322031 -0.00177587 0.000139304   -0.539584    0.314466 -0.00213776 -8.86681e-05  7.63189e-05  0.000107917 -0.00370717  0.00970762    -4.05425 0.0612731 0.0167191  -9.80879 
              85.822 -0.233503  0.202648   152.184   4.23587   2.06768 -0.106027 -0.0268366 0.00708084 -0.0068397 -0.00322512 -0.00175909 0.000139088   -0.492241    0.290264 -0.00459237 -7.72732e-05  7.85365e-05  0.000101786 -0.00320308   0.0096188    -4.05428 0.0615634 0.0164576  -9.80879 
              85.922 -0.170192  0.227031   153.593   4.19022   2.09768 -0.107442  -0.0273161  0.00763564 -0.00714926 -0.00323716 -0.00175602 0.000140723  -0.445451   0.281799 -0.0102678 -0.00010889 6.75552e-05 0.000112252 -0.00294169  0.00992699     -4.0542 0.0618557 0.0165538  -9.80879 
              86.022 -0.105435  0.292822   155.106    4.1403   2.13076 -0.108119  -0.0278714  0.00623761 -0.00748497 -0.00323247 -0.00178013 0.000150299  -0.455662   0.293347 -0.0127438 -0.000140608  3.41859e-05  0.000121826 -0.00375178    0.010124    -4.05424 0.0614015 0.0169954  -9.80879 
              86.122 -0.22334 0.202562  156.762   4.08681   2.15185 -0.107892  -0.0256704  0.00486569 -0.00325866  -0.0031856 -0.00178381 0.000168731  -0.480627   0.253824 -0.0121198 -7.18402e-05  8.64196e-05  0.000103575 -0.0042734 0.00882336   -4.05438 0.0605617 0.0163385   -9.8088 
              86.222 -0.13005 0.290457  158.438 4.03689 2.17822 -0.1136  -0.0257636  0.00510484 -0.00339257 -0.00318367 -0.00178879 0.000171515 -0.504579  0.250785 -0.028757 -0.000119666   4.0696e-05  0.000118014 -0.0045375 0.00888888   -4.05397 0.0604665 0.0164386   -9.8088 
              86.322 -0.160495  0.270353   160.208   3.97682   2.20074 -0.114919  -0.0246868   0.0032102 -0.00156151 -0.00316296 -0.00179927 0.000170957   -0.54612   0.234845 -0.0282408 -9.82186e-05  5.49037e-05  0.000105282  -0.005378 0.00816488   -4.05411 0.0596345 0.0162595  -9.80881 
              86.422 -0.152124  0.242143    162.05   3.92226   2.22638 -0.110083  -0.0254623  0.00261529 -0.00151663 -0.00316479 -0.00180361 0.000170627   -0.523437    0.232213 -0.00866825 -9.73053e-05  7.33734e-05  0.000102789 -0.00540474  0.00838102    -4.05484 0.0596525 0.0164735   -9.8088 
              86.522 -0.190594  0.230078   163.916   3.86831   2.24408 -0.108542  -0.0244523  0.00253682 -0.00154284 -0.00315771 -0.00179942 0.000174159   -0.532194    0.204244 -0.00475077 -7.19805e-05  8.25599e-05  0.000108102 -0.00531416  0.00774065    -4.05508 0.0595064 0.0160282  -9.80881 
              86.622 -0.116581  0.266756   165.878   3.81675   2.26428 -0.112254  -0.0244275  0.00302021 -0.00183986 -0.00315971 -0.00179759 0.000173675  -0.533441   0.194801 -0.0172466 -0.000108169   6.5165e-05   0.00011047 -0.00513705  0.00784859    -4.05479 0.0596659 0.0160258  -9.80881 
              86.722 -0.154845  0.273503   167.866   3.76243   2.27903 -0.112631  -0.0235772  0.00308151 -0.00143557 -0.00315465 -0.00179437 0.000176573  -0.553767   0.172115 -0.0164177 -8.20433e-05  6.34122e-05  9.79745e-05 -0.0050136 0.00733258   -4.05494 0.0596005 0.0156464  -9.80881 
              86.822 -0.0772043    0.29036    169.844   3.70934   2.30279 -0.109943  -0.0252613  0.00297926 -0.00161591 -0.00315647 -0.00179698  0.00018394   -0.522587    0.188255 -0.00677061 -0.000118405  5.66897e-05  0.000110167 -0.00510172  0.00810831    -4.05535 0.0597518 0.0162361   -9.8088 
              86.922 -0.143472  0.256601   171.706  3.64881  2.30825 -0.10865   -0.0224876   0.00186725 -0.000637955 -0.00318331  -0.0017784 0.000199309  -0.568825   0.126015 -0.0043936 -7.79294e-05  7.72366e-05  0.000103251 -0.00556306  0.00643461    -4.05554 0.0590112 0.0152021  -9.80881 
              87.022 -0.132908  0.259149   173.437  3.58899  2.31538 -0.11135 -0.0212855 0.00161435 3.2643e-05 -0.00320287 -0.00176874 0.000199551  -0.562558   0.100358 -0.0140019 -7.99145e-05   7.7955e-05  9.70045e-05 -0.00567806  0.00582565    -4.05535 0.0587872 0.0147899  -9.80881 
              87.122 -0.0814415    0.27292    175.101  3.52865  2.32617 -0.11055  -0.0216534 0.000932202 0.000510169 -0.00319556 -0.00175795 0.000201986  -0.600592  0.0833608 -0.0111472 -0.000103699  7.23117e-05  0.000112261 -0.00606668  0.00591939    -4.05556 0.0585394 0.0149549  -9.80881 
              87.222 -0.143558  0.273014   176.685  3.47025  2.33126 -0.11429  -0.0210772  0.00142634 0.000340406 -0.00320491 -0.00176218 0.000204357  -0.571013  0.0617578 -0.0215821 -6.52136e-05  7.29603e-05  0.000110607 -0.00578885  0.00570708    -4.05534 0.0586897 0.0147331  -9.80881 
              87.322 -0.0315982   0.332306    178.154   3.41143   2.33741 -0.122862  -0.0206999  0.00106179 0.000715371 -0.00320012 -0.00175988 0.000206636  -0.582682  0.0547574 -0.0432906 -0.000123084  4.20306e-05  0.000123131 -0.00597137  0.00577509    -4.05476 0.0585568 0.0147679  -9.80881 
              87.422 -0.0967461   0.291573    179.518  3.35107  2.33705 -0.10986  -0.0207107 0.000621896  0.00147638 -0.00321569 -0.00175252 0.000213193  -0.600642  0.0226691 0.00246803 -8.24623e-05  6.50452e-05  0.000111194 -0.00598783  0.00499241    -4.05633 0.0584112 0.0143563  -9.80882 
              87.522 -0.0523791   0.310113   -179.294  3.29059   2.3383 -0.11248 -0.0204193 0.00061993  0.0015659 -0.00321804 -0.00175057 0.000213009   -0.608063   0.0106107 -0.00861865 -0.000103423  5.56611e-05  0.000118773 -0.00601779  0.00494297    -4.05609 0.0583829 0.0143057  -9.80882 
              87.622 -0.0564116   0.298406   -178.195  3.22691  2.34033 -0.10718 -0.0209983 0.00010233 0.00188858 -0.00320792 -0.00174288 0.000212352  -0.626809 0.00622033 0.00509274 -9.72822e-05  6.27687e-05   0.00011617 -0.00628806  0.00500865    -4.05663 0.0582064  0.014434  -9.80882 
              87.722 -0.0461775   0.274073   -177.244   3.16701   2.33011 -0.101224  -0.0192879 0.000798371  0.00111838 -0.00325987 -0.00173728 0.000213252  -0.623695 -0.0456324  0.0176619 -0.000100939  7.60675e-05  0.000111063 -0.0058613 0.00384616   -4.05713 0.0583596 0.0135902  -9.80882 
              87.822 -0.0725555   0.305178   -176.419   3.10379   2.32789 -0.114553  -0.0190918 0.000332855  0.00142903 -0.00324431 -0.00173493 0.000213093  -0.629147 -0.0393338 -0.0268855 -8.38988e-05  5.93435e-05  0.000108856 -0.00597507  0.00423741    -4.05583 0.0582863 0.0138009  -9.80882 
              87.922 -0.0611612    0.31224   -175.775   3.04442   2.32851 -0.120906 -0.0197968 0.00084395 0.00128982 -0.00322894  -0.0017602 0.000213278  -0.580337 -0.0188119 -0.0396408 -8.75968e-05  5.53863e-05  0.000127776 -0.00565477  0.00476436    -4.05553 0.0585616 0.0141169  -9.80882 
              88.022 -0.0723921   0.344118   -175.248    2.9887   2.32252 -0.129241 -0.0189545 0.00119633 0.00115528    -0.00325 -0.00176109 0.000212741  -0.579421 -0.0392232 -0.0545181 -8.00025e-05  3.75364e-05  0.000138141 -0.00539129  0.00440779    -4.05518 0.0586966 0.0138203  -9.80881 
              88.122 -0.0314974   0.352816   -174.853  2.92796  2.31176 -0.12618  -0.0179425 0.000419535  0.00282967 -0.00327105 -0.00172898 0.000207715  -0.578304 -0.0664401 -0.0346349 -0.000101633  3.34457e-05  0.000133462 -0.00569067  0.00361806    -4.05591 0.0583928 0.0133335  -9.80882 
              88.222 0.0010661  0.329962  -174.707   2.86581   2.30046 -0.119469   -0.0173365 -0.000657434    0.0038683 -0.00328575 -0.00169176 0.000203195  -0.593957  -0.084046 -0.0108329 -0.000119184  4.66823e-05  0.000131658 -0.00605892  0.00306816    -4.05678 0.0580503 0.0130213  -9.80882 
              88.322 -0.0183062   0.308785   -174.617   2.80449   2.29171 -0.116031 -0.0173703 -0.0011682 0.00398148 -0.00328152 -0.00168343 0.000202583   -0.600803  -0.0851025 -0.00205101 -0.000107813  5.85396e-05  0.000120085 -0.00622018  0.00301681    -4.05716 0.0579142  0.013014  -9.80882 
              88.422 -0.0706367   0.301492   -174.558   2.74488   2.28553 -0.113273   -0.017838 -0.00116237  0.00376976 -0.00327725 -0.00169119 0.000200172  -0.598333 -0.0763136 0.00281414 -7.81281e-05  6.23789e-05  0.000122984 -0.00614179  0.00326003    -4.05742 0.0579785  0.013182  -9.80882 
              88.522 -0.0271067   0.300898   -174.587     2.689   2.27561 -0.116568   -0.0173468 -0.000370842   0.00381638 -0.00329173 -0.00169266 0.000197271   -0.583217  -0.0844039 -0.00905587 -0.000102287  6.20368e-05  0.000124821 -0.00575714   0.0030144    -4.05715 0.0582343 0.0129714  -9.80882 
              88.622 -0.0279569   0.304182   -174.741   2.62671   2.26234 -0.115536  -0.0165131 -0.00116918  0.00407539 -0.00329442 -0.00166969 0.000197352    -0.59842   -0.102749 -0.00740702 -0.000102435   6.0464e-05  0.000132849 -0.00616071    0.002506    -4.05731 0.0579041 0.0126598  -9.80882 
              88.722 -0.059862  0.310259  -174.946   2.57032   2.25451 -0.117266 -0.0169252 -0.0005188 0.00392721 -0.00329742 -0.00168375 0.000195707  -0.585103  -0.093258 -0.0125416 -8.48528e-05  5.64634e-05  0.000132292 -0.0058047 0.00276154   -4.05725 0.0581737 0.0128024  -9.80882 
              88.822 -0.0315524   0.312154   -175.288   2.50755   2.24519 -0.123456  -0.0169314 -0.00123621  0.00401115 -0.00328622 -0.00167078 0.000195914  -0.602618 -0.0927005 -0.0288213 -0.000101231  5.55099e-05  0.000133716 -0.00627469  0.00275963    -4.05684 0.0578593 0.0128413  -9.80882 
              88.922 -0.105095  0.285793  -175.679   2.44857   2.23688 -0.114156 -0.0171422 -0.0010734 0.00393598 -0.00328672 -0.00168019 0.000196039    -0.595179   -0.0894661 -0.000439554 -6.1339e-05 6.95739e-05 0.000143012 -0.00607929  0.00286706    -4.05784 0.0579878 0.0129022  -9.80882 
              89.022 -0.0925751   0.266788   -176.077   2.39466   2.22795 -0.107265   -0.0171283 -0.000110422   0.00383274 -0.00329953 -0.00168626 0.000197163  -0.571219 -0.0893853  0.0150095 -6.91473e-05  7.88264e-05  0.000138516 -0.0054584 0.00287031   -4.05843  0.058402 0.0128477  -9.80882 
              89.122 -0.0997802   0.267021   -176.559  2.33332  2.22123 -0.11067   -0.0175299 -0.000839629   0.00382808 -0.00328613 -0.00168494 0.000198705    -0.588158   -0.0809965 -0.000784724 -6.59536e-05  7.84808e-05  0.000136727 -0.00593098  0.00309739    -4.05803 0.0581095 0.0130465  -9.80882 
              89.222 -0.111204  0.285567   -177.02   2.27965   2.20957 -0.121774 -0.0168481 6.5648e-05 0.00388612 -0.00329782 -0.00168022 0.000196476  -0.548041 -0.0932475 -0.0304946 -6.10252e-05  6.71601e-05  0.000129785 -0.00544245  0.00273663    -4.05719 0.0584098 0.0127482  -9.80882 
              89.322 -0.0338583   0.247645   -177.524   2.22833    2.1936 -0.108683  -0.0156857 0.000279525  0.00412912 -0.00330531 -0.00166121 0.000188979  -0.514635  -0.114201 0.00703531 -0.000105598  8.73453e-05  0.000133606 -0.00518149  0.00202812    -4.05848 0.0584956 0.0122507  -9.80882 
              89.422 0.077624 0.253695  -178.03   2.18058   2.18627 -0.107641 -0.0163407 0.00083255 0.00324919 -0.00331121 -0.00166989 0.000194056  -0.496217 -0.0941516 0.00545514 -0.00016764 8.33369e-05 0.000131626 -0.00483737  0.00243392    -4.05853 0.0587658 0.0124846  -9.80882 
              89.522 0.0463249  0.304073  -178.579    2.1328   2.18482 -0.120406 -0.0176869 0.00158279 0.00147324 -0.00330572 -0.00168779 0.000184474  -0.485405  -0.061039 -0.0299699 -0.000150402  5.53145e-05   0.00014394 -0.00486236  0.00323535    -4.05751 0.0589048 0.0130114  -9.80881 
              89.622 -0.0107882   0.272001   -179.098   2.08338   2.18252 -0.119448 -0.0183356 0.00125005 0.00084741 -0.00330388 -0.00169651 0.000177401  -0.487582 -0.0451359 -0.0231609 -0.000119504  7.29212e-05  0.000146484 -0.00493014  0.00362494    -4.05783 0.0588848 0.0132811  -9.80881 
              89.722 -0.0798889   0.272011   -179.832   2.03667   2.18221 -0.124074 -0.0190657 0.00167894 0.00039123 -0.00329603 -0.00171014 0.000172594  -0.479481  -0.028803 -0.0314809 -8.24661e-05  7.21744e-05  0.000153766 -0.00476974  0.00406923    -4.05767 0.0590568  0.013553  -9.80881 
              89.822 -0.0966364   0.256366    179.378   1.98146   2.17406 -0.116002  -0.0181372 5.09359e-05 0.000799371 -0.00329909 -0.00168027 0.000169938   -0.505721  -0.0489576 -0.00764004 -7.56237e-05  8.08001e-05  0.000141135 -0.00537444  0.00348663    -4.05853 0.0585346 0.0132568  -9.80882 
              89.922 -0.0946292   0.262867    178.428   1.93006   2.16231 -0.114353  -0.0169149 0.000181203  0.00103133 -0.00332845  -0.0016712 0.000163756   -0.529939  -0.0686621 -0.00471235 -7.95565e-05  7.59502e-05  0.000146674 -0.00519806  0.00275164    -4.05872  0.058542 0.0127541  -9.80882 
              90.022 -0.100416  0.262969   177.465   1.88497    2.1578 -0.117653 -0.0173305 0.00156567 0.00115745 -0.00333725 -0.00169208 0.000163633  -0.498596 -0.0554549 -0.0136357 -7.82914e-05  7.39215e-05  0.000137995 -0.00442489  0.00304727    -4.05854 0.0590941 0.0128341  -9.80881 
              90.122 0.0353265  0.306316   176.483   1.84084   2.15141 -0.122668 -0.0171758 0.00254448 0.00117209 -0.00334793 -0.00169693 0.000157557   -0.47644 -0.0520745 -0.0248589 -0.000155601  4.83481e-05  0.000149782 -0.00382999   0.0029815    -4.05828 0.0594696  0.012702  -9.80881 
              90.222 -0.120098  0.254754   175.532   1.79523   2.14772 -0.125511 -0.0174376 0.00285888 0.00128519 -0.00335132 -0.00169944 0.000155171  -0.467418 -0.0428623 -0.0283673 -7.19035e-05  7.66431e-05  0.000142897 -0.00364795  0.00315444    -4.05827  0.059614 0.0127839  -9.80881 
              90.322 -0.0288231   0.311386    174.553   1.74341   2.14622 -0.130642 -0.0177788 0.00213121 0.00114863 -0.00334411 -0.00170394 0.000160029  -0.519574 -0.0195426 -0.0375763 -0.000124326  4.45264e-05  0.000143524 -0.00409222   0.0033147    -4.05809  0.059356 0.0129647  -9.80881 
              90.422 -0.100413  0.287673   173.566   1.69933   2.14713 -0.129039 -0.0182715 0.00351764 0.00149701 -0.00335638 -0.00171128 0.000160063  -0.476396 -0.0060809 -0.0260698 -8.70256e-05  5.62544e-05  0.000137689 -0.00332694  0.00373572    -4.05855 0.0599222 0.0130851  -9.80881 
              90.522 -0.0517985    0.27438    172.566   1.65132   2.14527 -0.120151 -0.0178677 0.00370035 0.00130554 -0.00335472 -0.00170783 0.000159051   -0.467814 -0.00671222 -0.00111913 -0.000116564  6.23224e-05  0.000139762 -0.00344547   0.0036174    -4.05943 0.0598537  0.013004  -9.80881 
              90.622 -0.0860106   0.227011    171.544  1.60908  2.14166 -0.11198 -0.0173245 0.00467679 0.00148974 -0.00336215 -0.00170661 0.000163518  -0.446673 -0.0141734  0.0166842 -0.000100248  8.70848e-05  0.000141165 -0.00292547  0.00342595    -4.06008 0.0601517 0.0127645  -9.80881 
              90.722 0.0307713  0.263721   170.495   1.56312   2.14166 -0.108407 -0.0174334 0.00446165 0.00138901 -0.00335941 -0.00170659 0.000166168  -0.450328 -0.0025247  0.0184779 -0.000166663   6.5904e-05  0.000147101 -0.00308158  0.00350738    -4.06024 0.0600724 0.0128426  -9.80881 
              90.822 -0.122729  0.199152   169.423   1.51888   2.14681 -0.106727 -0.0183159 0.00444446 0.00101046 -0.00335587 -0.00171511 0.000152212 -0.445303 0.0209123 0.0155164 -8.3526e-05 0.000101496  0.00014492 -0.00313501  0.00405638    -4.06024  0.060155 0.0131923  -9.80881 
              90.922 -0.079411  0.207664   168.303   1.47976   2.14413 -0.102149 -0.0176229 0.00530926 0.00133075 -0.00336771  -0.0017142 0.000148345   -0.397369 0.000486388   0.0208182 -0.000109716  9.46386e-05  0.000146578 -0.00254417  0.00370451    -4.06049 0.0604351 0.0128433  -9.80881 
              91.022 -0.0626298   0.222948    167.158   1.44035   2.14371 -0.106308 -0.0175841 0.00541745 0.00139564 -0.00336806 -0.00171364 0.000147907  -0.395324 0.00303729 0.00276032 -0.000120965  8.49952e-05  0.000144329 -0.00253191  0.00362377    -4.06002 0.0604342 0.0127962  -9.80881 
              91.122 -0.0106565   0.250187    165.988  1.39549  2.14538 -0.10541 -0.0175723 0.00451816 0.00138485 -0.00336023 -0.00170993 0.000150475   -0.414752   0.0147892 0.000915297 -0.000151831  6.95691e-05  0.000141541 -0.00310136  0.00357034    -4.06006 0.0600801  0.012899  -9.80881 
              91.222 -0.105007  0.219281   164.777    1.3614   2.14747 -0.110141 -0.0179216 0.00578493 0.00124468 -0.00336773 -0.00171824  0.00015121  -0.383991  0.0216463 -0.0129201 -0.000101927  8.54074e-05  0.000142889 -0.00242563  0.00382554    -4.05972 0.0605592 0.0128819   -9.8088 
              91.322 -0.0467887   0.244394    163.519   1.32718   2.15282 -0.111569 -0.0185191 0.00632553 0.00107094 -0.00336817  -0.0017262 0.000153641  -0.358409  0.0370597 -0.0153864 -0.000136061  6.99933e-05  0.000155345 -0.00212093  0.00424154    -4.05973 0.0608451 0.0130477   -9.8088 
              91.422 -0.112487  0.265607   162.288   1.29028   2.15805 -0.128239  -0.0188097  0.00632444 0.000947397 -0.00336333 -0.00172491 0.000154124   -0.34094  0.0396347 -0.0559665 -0.000102152  5.76107e-05  0.000147765 -0.0024373 0.00427128   -4.05855 0.0607122 0.0131486   -9.8088 
              91.522 -0.141981  0.249285   161.037   1.26132   2.16006 -0.133832 -0.0187262 0.00685753 0.00107309 -0.00336749  -0.0017243  0.00015567  -0.301744   0.028499 -0.0583438 -8.87544e-05  6.47368e-05  0.000151026 -0.00208206   0.0042583    -4.05857 0.0609116 0.0130428   -9.8088 
              91.622 -0.117629  0.319767   159.793   1.23174   2.15863 -0.144243 -0.0181483 0.00696625 0.00224018 -0.00336437 -0.00172019 0.000153011  -0.277007 0.00467702  -0.072685 -0.000105327  2.39061e-05  0.000136397 -0.00216463  0.00383564    -4.05821 0.0607691 0.0128199   -9.8088 
              91.722 -0.137437  0.319614   157.838   1.19932   2.16531 -0.141131 -0.0187735 0.00530299 0.00056827 -0.00331417 -0.00166406 0.000152214  -0.295943  0.0314076 -0.0503596 -9.96663e-05  2.25232e-05  0.000112812 -0.00271196  0.00425641    -4.05902  0.060516 0.0132428   -9.8088 
              91.822 -0.15694 0.275422  155.045    1.1686   2.16882 -0.134122  -0.0187147  0.00425708 0.000526126 -0.00330562 -0.00165826 0.000151992  -0.307038  0.0392921 -0.0236978 -9.70138e-05  4.34545e-05  0.000123089 -0.00262398  0.00427366    -4.05996 0.0604793  0.013266   -9.8088 
              91.922 -0.104785  0.278959   151.857    1.1295   2.17648 -0.121384  -0.0187162  0.00185759 0.000646579 -0.00331191 -0.00150312 0.000151753  -0.340324  0.0578063 0.00972415 -0.000133787  3.78599e-05  0.000126286 -0.00334319  0.00422632    -4.06111 0.0599795 0.0135237  -9.80881 
              92.022 -0.157384  0.230273    148.45   1.09578   2.17623 -0.119172  -0.0178739  0.00223381 0.000550165 -0.00336432 -0.00155405 0.000158019 -0.340759 0.0374543 0.0101042 -0.000113762  6.05892e-05  0.000124055 -0.00296901  0.00370152    -4.06122 0.0599888 0.0131237  -9.80881 
              92.122 -0.165238  0.219663   144.921   1.06011   2.18379 -0.115391  -0.0183064  0.00162249 0.000743215 -0.00336357 -0.00152324 0.000158163 -0.344443 0.0533133 0.0140473 -0.000116444  6.10438e-05  0.000124274 -0.00334133  0.00394171    -4.06143  0.059882 0.0133879  -9.80881 
              92.222 -0.196793  0.180241   141.423   1.02681   2.19005 -0.119947  -0.0184373  0.00180796 0.000730502 -0.00336045 -0.00152167 0.000157912    -0.33914    0.065835 -0.00301451 -0.000105723  7.66816e-05  0.000116714 -0.00331399  0.00404773    -4.06099  0.059944 0.0134222  -9.80881 
              92.322 -0.197634  0.201251   137.965  0.994493   2.19615 -0.123369  -0.0183602  0.00201686 0.000722951 -0.00335298 -0.00152186  0.00015682  -0.324873     0.0743 -0.0131599 -0.000110887  5.80331e-05   0.00012342 -0.00318136  0.00402209    -4.06076 0.0599952 0.0133537  -9.80881 
              92.422 -0.17832 0.182149  134.569   0.96293   2.20007 -0.114387   -0.017927  0.00237573 0.000952291 -0.00333652 -0.00151962 0.000156026   -0.30554  0.0613836 0.00954641 -0.000127762  6.15923e-05  0.000126583 -0.00288231  0.00382324    -4.06156 0.0600337 0.0131288  -9.80881 
              92.522 -0.173162   0.12984   131.219  0.935754   2.21059 -0.103275  -0.0185909  0.00239961 0.000681152 -0.00335424 -0.00149635 0.000156447 -0.277077 0.0839042 0.0322711 -0.000135305  8.43842e-05   0.00012583 -0.00296759  0.00440783    -4.06237 0.0602565 0.0133961  -9.80881 
              92.622 -0.206283 0.0702715   127.947 0.906749   2.2173 -0.10294  -0.0183037  0.00233366 0.000876183 -0.00334808 -0.00150627 0.000158269  -0.27567 0.0790726 0.0224628 -0.00012057 0.000111394 0.000117039 -0.00298278  0.00414427    -4.06215 0.0601308 0.0133049  -9.80881 
              92.722 -0.198841 0.0958457   124.714  0.884818   2.22166 -0.106593 -0.0184736 0.00327829 0.00134323 -0.00332896 -0.00148624 0.000152136  -0.241678  0.0630617 0.00611388 -0.000126306  8.99236e-05  0.000129399 -0.0023753 0.00427814   -4.06172  0.060429 0.0130566  -9.80881 
              92.822 -0.228996 0.0461799    121.66  0.866035    2.2265 -0.113591 -0.0189621 0.00403057 0.00147379 -0.00332708 -0.00145942 0.000151855  -0.212817  0.0605833 -0.0145642 -0.000111525  0.000110636  0.000115637 -0.00199015  0.00453735    -4.06115 0.0607135 0.0129498   -9.8088 
              92.922 -0.309729  0.019831   118.715  0.846425   2.23177 -0.134236  -0.019538 0.00465484 0.00159857 -0.00332298 -0.00144635 0.000152172  -0.207404    0.06048 -0.0638277 -6.74679e-05  0.000117761  0.000110367 -0.00190912  0.00446505     -4.0597 0.0607719 0.0128834   -9.8088 
              93.022 -0.273334 0.0819899   115.952 0.831693  2.23218 -0.13192 -0.0194036 0.00544243 0.00188126 -0.00332263 -0.00140316 0.000146209  -0.166363  0.0197359 -0.0446828 -8.78482e-05  7.44708e-05  0.000118243 -0.00119868  0.00477422    -4.06039 0.0611052 0.0125933   -9.8088 
              93.122 -0.289576 0.0427019   113.469  0.820783   2.23662 -0.135959 -0.0202733 0.00550683  0.0011309 -0.00337234 -0.00139564 0.000147695    -0.1314 0.00334698 -0.0455752 -7.98164e-05  8.95682e-05  0.000120552 -0.00129348  0.00543614    -4.06046 0.0614367 0.0128166   -9.8088 
              93.222 -0.28405 0.077794  111.219  0.807234   2.23655 -0.131125 -0.0200261  0.0051136 0.00113001 -0.00337255 -0.00139576 0.000147575   -0.126616 -0.00483388  -0.0255528 -8.36064e-05  6.39498e-05  0.000112584 -0.00122895  0.00544145    -4.06118 0.0614213 0.0128074   -9.8088 
              93.322 -0.267284 0.0556246   109.143  0.792205   2.24376 -0.127567  -0.0202548  0.00370024 0.000879003 -0.00338427 -0.00145545 0.000143794  -0.124847  0.0252302 -0.0136898 -9.39102e-05   7.1213e-05  0.000113183 -0.00204843  0.00548483    -4.06164 0.0612506 0.0132967   -9.8088 
              93.422  -0.24764 0.0810994    107.21  0.787625   2.24771 -0.115898   -0.0210952   0.00332496 -0.000899186 -0.00343091 -0.00144262 0.000145162 -0.0665571   0.031323  0.0158165 -0.000104831  5.22297e-05  0.000121827 -0.00178022   0.0063386    -4.06265 0.0617387 0.0133808   -9.8088 
              93.522 -0.253855  0.010825    105.59   0.78066   2.25138 -0.117916   -0.0208745    0.0033442 -0.000672105 -0.00341422 -0.00144869 0.000144994 -0.0487718  0.0387922 0.00455945 -0.000102351  8.70163e-05  0.000130132 -0.00189004  0.00609395    -4.06238 0.0615921 0.0133833   -9.8088 
              93.622   -0.245475 -0.00745809     105.455  0.784229   2.24782 -0.114156  -0.0211029  0.00465908 0.000760472 -0.00358695 -0.00119563 0.000147184 -0.0127906 0.00893527  0.0108618 -0.000106381  9.58627e-05  0.000119503 -0.000859475   0.00675138     -4.06266 0.0621136 0.0129149  -9.80879 
              93.722  -0.241335 -0.0167534    105.456  0.786496   2.24688 -0.113738 -0.0213615 0.00514358  0.0011063 -0.00364686 -0.00114336  0.00014637 0.00362118 0.00152405 0.00719002 -0.000108126  0.000100467  0.000118489 -0.000584301   0.00704645     -4.06263 0.0623233 0.0128005  -9.80879 
              93.822 -0.238383 0.0107527   105.454  0.788038     2.246 -0.112667 -0.0213999 0.00532705 0.00119539 -0.00365553 -0.00113272 0.000145234   0.0108348 -0.00197009  0.00561978 -0.000109368  8.48695e-05  0.000119445 -0.000444997   0.00713291     -4.06267 0.0623904 0.0127353  -9.80879 
              93.922   -0.241204 -0.00185615     105.454  0.788208   2.24649 -0.113718 -0.0213565 0.00521332 0.00120503 -0.00365304 -0.00113263 0.000145252   0.00940417   0.00101572 -0.000785535 -0.000107513  9.16364e-05  0.000118859 -0.00054625  0.00703178    -4.06256 0.0623238 0.0127753  -9.80879 
              94.022  -0.241757 0.00766443    105.454 0.787595  2.24621 -0.11357 -0.0211286 0.00515109 0.00125993 -0.00365347 -0.00112929 0.000145316  0.00570519 3.69358e-05 -0.00299868 -0.000107013  8.61247e-05   0.00011836 -0.000544293   0.00685601     -4.06258  0.062225 0.0127493  -9.80879 
              94.122 -0.23843 0.014862  105.456  0.787967   2.24548 -0.114798 -0.0210529 0.00522727 0.00126484 -0.00365522 -0.00112868 0.000145239  0.00721814 -0.00227069 -0.00773727 -0.000108561  8.18351e-05  0.000117238 -0.00047617  0.00680171    -4.06251 0.0622058 0.0127031  -9.80879 
              94.222 -0.238835 0.0173869   105.456 0.787892  2.24537 -0.11527 -0.0209522 0.00515814 0.00129911 -0.00365464 -0.00112716 0.000145226  0.00651515 -0.00116817 -0.00967519 -0.00010806 8.02221e-05 0.000116837 -0.000507409   0.00671376     -4.06254 0.0621523 0.0127079  -9.80879 
              94.322 -0.244537 0.0103779   105.455  0.787441   2.24615 -0.116237  -0.020867 0.00498363 0.00134602 -0.00365225 -0.00112582 0.000145109 0.00444542 0.00281567 -0.0123461 -0.000104633  8.39405e-05  0.000116873 -0.000626085   0.00661218     -4.06255 0.0620793 0.0127587   -9.8088 
              94.422 -0.238657 0.0275534   105.454  0.787741   2.24541 -0.114152 -0.0207929 0.00507833 0.00134842 -0.00365396 -0.00112463 0.000144894   0.00685053 -0.000323375  -0.00712065 -0.000107572  7.41266e-05  0.000117075 -0.000520202   0.00657286      -4.0628 0.0620732 0.0126968   -9.8088 
              94.522 -0.23975 0.012245  105.456  0.787236    2.2462 -0.115211 -0.0206923 0.00490858 0.00139629 -0.00365141 -0.00112337 0.000144577 0.00443606 0.00338307 -0.0105951 -0.000106702  8.24475e-05  0.000115539 -0.000634436   0.00645907     -4.06278 0.0619946 0.0127429   -9.8088 
              94.622 -0.244246 0.0111043   105.457   0.78737    2.2457 -0.116272 -0.0205956 0.00497945 0.00141054 -0.00365236 -0.00112191 0.000144682  0.00553567 0.000570608  -0.0131636 -0.000103942  8.27715e-05  0.000114362 -0.000558036    0.0063975     -4.06278  0.061972 0.0126925   -9.8088 
              94.722 -0.245505 0.0105433   105.456  0.787913   2.24587 -0.116892 -0.0205957 0.00495909 0.00141359 -0.00365215 -0.00112185  0.00014469 0.00791345 0.00150042 -0.0140425 -0.000102915  8.28277e-05   0.00011473 -0.000569293      0.00639     -4.06284 0.0619667 0.0126981   -9.8088 
              94.822 -0.241715 0.0153391   105.458  0.788052   2.24539 -0.116434 -0.0204905 0.00497901 0.00143732 -0.00365261 -0.00112015 0.000144561   0.00800984 -0.000373168   -0.0122771 -0.000104738  7.99037e-05  0.000113398 -0.000518921     0.006303     -4.06298 0.0619276 0.0126598   -9.8088 
              94.922 -0.243535 0.0146008   105.457  0.788177   2.24592 -0.115853 -0.0204538 0.00486298 0.00146309 -0.00365116 -0.00111949 0.000144568 0.00792225 0.00244796 -0.0106124 -0.000103422  8.01246e-05  0.000113543 -0.000590639   0.00624222     -4.06312 0.0618855 0.0126913   -9.8088 
              95.022 -0.243257 0.0128135   105.458  0.787964   2.24545 -0.116428 -0.0202931 0.00487512 0.00150088 -0.00365133 -0.00111714 0.000144595  0.00633413 0.000153366  -0.0120969 -0.000103348   8.0846e-05  0.000112437 -0.000543189   0.00611485     -4.06316 0.0618239 0.0126483   -9.8088 
              95.122 -0.245549 0.0150641   105.457  0.787789   2.24563 -0.117361 -0.0202049 0.00480266 0.00153261  -0.0036503 -0.00111588  0.00014464 0.00539907 0.00138415 -0.0140316 -0.000101814  7.93883e-05  0.000112454 -0.000579981   0.00602793     -4.06318 0.0617724 0.0126561   -9.8088 
              95.222 -0.249024 0.0111036   105.456 0.788052  2.24601 -0.11738 -0.0201887 0.00474863 0.00154428 -0.00364967 -0.00111558 0.000144637 0.00673426 0.00278806 -0.0132954 -9.95806e-05  8.13505e-05  0.000112851 -0.000609084   0.00599945     -4.06329 0.0617536 0.0126688   -9.8088 
              95.322  -0.246208 0.00963645    105.454  0.787887   2.24632 -0.117227 -0.0200993 0.00468321 0.00157528 -0.00364885 -0.00111422 0.000144586 0.00591485  0.0034077  -0.012398 -0.000100872  8.19334e-05  0.000113566 -0.000631292   0.00590965     -4.06341 0.0617032 0.0126693   -9.8088 
              95.422 -0.243614 0.0184732   105.454   0.78779   2.24597 -0.116745 -0.0199859 0.00470612 0.00159953 -0.00364933 -0.00111247 0.000144438 0.00573596 0.00133372  -0.010914 -0.000102047  7.67772e-05  0.000113084 -0.000575352   0.00581883     -4.06354 0.0616633 0.0126283   -9.8088 
              95.522 -0.240409 0.0217293   105.454  0.787246   2.24601 -0.115216 -0.0198679 0.00463375 0.00163848 -0.00364854 -0.00111063 0.000144404  0.00402615  0.00168883 -0.00735956 -0.000103558  7.47737e-05  0.000112927 -0.000589028   0.00570172     -4.06373 0.0616003 0.0126213   -9.8088 
              95.622 -0.243143 0.0155599   105.457  0.788063   2.24591 -0.116134 -0.0198843 0.00468341 0.00162735 -0.00364926 -0.00111082 0.000144439 0.00787206 0.00111577 -0.0101639 -0.000101709  7.79188e-05  0.000110749 -0.000552644   0.00572577     -4.06373 0.0616179 0.0126054   -9.8088 
              95.722 -0.244453 0.0113653   105.454  0.788028   2.24642 -0.115465 -0.0198199 0.00458016 0.00165765 -0.00364793 -0.00110982 0.000144406  0.00711284   0.0031597 -0.00873714 -0.000100702  8.00396e-05  0.000112041 -0.000610092   0.00564728     -4.06386 0.0615693  0.012626   -9.8088 
              95.822  -0.241558 0.00497759    105.454  0.787569    2.2463 -0.115244  -0.019667  0.0045478 0.00169912 -0.00364751  -0.0011076 0.000144358  0.00495953  0.00186352 -0.00874713 -0.000102075  8.33236e-05  0.000111759 -0.000595315   0.00551298     -4.06394 0.0615015 0.0126007   -9.8088 
              95.922 -0.246313  0.010551   105.456  0.787912   2.24558 -0.116015 -0.0195897 0.00463131 0.00170567 -0.00364867 -0.00110643 0.000144276  0.00654933 -0.00125057  -0.0109402 -9.91732e-05  7.99333e-05  0.000110416 -0.000508706    0.0054672     -4.06396 0.0614895 0.0125495   -9.8088 
              96.022 -0.245494 0.0165918   105.456  0.787828   2.24582 -0.116037 -0.0195292 0.00454079 0.00173334 -0.00364747 -0.00110555 0.000144342  0.00595319 0.000796749  -0.0109266 -9.9349e-05  7.6401e-05 0.000109897 -0.000561793   0.00539528     -4.06404 0.0614452  0.012568   -9.8088 
              96.122  -0.247022 0.00947012    105.456 0.787816  2.24565 -0.11694 -0.0194417 0.00452718 0.00175657 -0.00364728  -0.0011043  0.00014435  0.00573517 0.000194733  -0.0129655 -9.8247e-05  8.0094e-05 0.000109489 -0.000552149   0.00531957     -4.06406 0.0614075  0.012553   -9.8088 
              96.222   -0.250812 -0.00412259     105.455  0.787937   2.24636 -0.117766 -0.0194267 0.00441972 0.00177583 -0.00364578 -0.00110408 0.000144174 0.00614846 0.00310915 -0.0143129 -9.58574e-05  8.74044e-05  0.000109737 -0.000633914   0.00528252      -4.0641 0.0613775 0.0125905   -9.8088 
              96.322   -0.251556 -0.00555837     105.456  0.787811   2.24629 -0.117463 -0.0193313 0.00440393  0.0018009 -0.00364564 -0.00110264  0.00014416 0.00565358 0.00183411 -0.0127427 -9.51966e-05  8.79258e-05  0.000108917 -0.000613123   0.00519549     -4.06423 0.0613361 0.0125693   -9.8088 
              96.422 -0.247284 0.0183112   105.457  0.787891   2.24498 -0.116563 -0.0192036 0.00452024 0.00181429 -0.00364755 -0.00110061 0.000143437  0.00623267 -0.00338037  -0.0101154 -9.73181e-05  7.43989e-05  0.000107948 -0.000471848   0.00510886      -4.0644 0.0613113 0.0124868   -9.8088 
              96.522 -0.240908 0.0261365   105.456   0.78777   2.24491 -0.114688 -0.0191518 0.00443332 0.00183974 -0.00364672 -0.00109965 0.000143425   0.0059378  -0.0015395 -0.00582267 -0.000100551  6.98918e-05  0.000108187 -0.000511727   0.00503901     -4.06461 0.0612712 0.0124998   -9.8088 
              96.622 -0.242315 0.0118061   105.455  0.787302    2.2462 -0.115435 -0.0191085  0.0042213  0.0018821 -0.00364373 -0.00109909 0.000142852  0.00382554  0.00452395 -0.00867327 -9.94949e-05  7.77068e-05  0.000108471 -0.000680982    0.0049566      -4.0646 0.0612067 0.0125747   -9.8088 
              96.722 -0.242035 0.0122094   105.455  0.787792   2.24627 -0.114955 -0.0190986 0.00425551 0.00187931 -0.00364432 -0.00109885 0.000142892 0.00665775 0.00354087 -0.0078562 -9.93324e-05  7.72153e-05  0.000107928 -0.000639453   0.00495206     -4.06471 0.0612103 0.0125541   -9.8088 
              96.822 -0.244436  0.006391   105.455  0.788093   2.24616 -0.115591 -0.0190269 0.00427801 0.00189308 -0.00364463 -0.00109781 0.000142943  0.00739453  0.00205429 -0.00989726 -9.77378e-05  8.01642e-05  0.000107572 -0.000602969   0.00489597     -4.06473 0.0611869 0.0125284   -9.8088 
              96.922 -0.246045 0.0116729   105.453  0.788276   2.24652 -0.116425 -0.0189692 0.00422721  0.0019144 -0.00364391 -0.00109699 0.000142995  0.0072908 0.00313994 -0.0119416 -9.65793e-05  7.70219e-05  0.000108197 -0.000631582   0.00483545     -4.06474 0.0611528 0.0125349   -9.8088 
              97.022 -0.240245 0.0266932   105.455  0.787512   2.24537 -0.114476 -0.0187515 0.00427673 0.00195898 -0.00364484 -0.00109365 0.000142534  0.00406707 -0.00178537 -0.00711763 -9.95963e-05  6.84516e-05  0.000106725 -0.000518214   0.00465327     -4.06498 0.0610774 0.0124561   -9.8088 
              97.122   -0.245369 -0.00249702     105.456  0.787457   2.24653 -0.115597 -0.0187642 0.00411066  0.0019811 -0.00364249 -0.00109393 0.000141813 0.00426847 0.00359954 -0.0104328 -9.64554e-05  8.44473e-05  0.000106033 -0.000665133   0.00462806     -4.06495 0.0610454 0.0125259   -9.8088 
              97.222   -0.247871 -0.00735185     105.455  0.787512   2.24683 -0.116245 -0.0187167 0.00408958 0.00199547  -0.0036422 -0.00109324 0.000141837 0.00496448 0.00350087 -0.0118722 -9.47991e-05  8.68661e-05  0.000106521 -0.000669134   0.00458162     -4.06499 0.0610219 0.0125221   -9.8088 
              97.322 -0.245842 0.0157141   105.456  0.788145   2.24554 -0.116449 -0.0186405 0.00425578 0.00198821 -0.00364468 -0.00109202 0.000140946  0.00775842 -0.00236461  -0.0118871 -9.5655e-05 7.37591e-05 0.000105478 -0.000501697   0.00455038     -4.06507 0.0610286 0.0124357   -9.8088 
              97.422 -0.244046  0.022246   105.453  0.787695   2.24549 -0.115466 -0.0185342 0.00415694 0.00202874 -0.00364356  -0.0010904 0.000140961   0.00530556 -0.000928737  -0.00926552 -9.64064e-05   6.9971e-05  0.000106616 -0.000546861   0.00443084     -4.06523 0.0609643 0.0124439   -9.8088 
              97.522 -0.244881 0.0106825   105.455  0.787604   2.24574 -0.115838  -0.018485  0.0040818 0.00205214 -0.00364252 -0.00108971 0.000140818 0.00499722 0.00081333 -0.0103361 -9.56725e-05   7.6178e-05  0.000105378 -0.000596196   0.00436988     -4.06527 0.0609281 0.0124606   -9.8088 
              97.622  -0.247886 0.00952917    105.455  0.788078   2.24635 -0.116688 -0.0185019 0.00402379 0.00205705 -0.00364173 -0.00108996 0.000140755 0.00692053 0.00325352 -0.0121907 -9.37027e-05  7.66106e-05  0.000105024 -0.000648226   0.00437072     -4.06529 0.0609219 0.0124864   -9.8088 
              97.722 -0.247164 0.0104286   105.455  0.787594   2.24613 -0.116157 -0.0183607 0.00400317  0.0020937 -0.00364151 -0.00108787 0.000140736 0.00459063 0.00156314 -0.0105324 -9.38884e-05  7.58777e-05  0.000104537 -0.000621206   0.00423852     -4.06542 0.0608613 0.0124573   -9.8088 
              97.822  -0.248329 0.00668486    105.454  0.787783   2.24624 -0.116191 -0.0183306  0.0039837 0.00210383 -0.00364131 -0.00108739 0.000140736 0.00570212 0.00175587 -0.0104514 -9.29635e-05  7.77111e-05  0.000104557 -0.000623328   0.00420484     -4.06551 0.0608449 0.0124547   -9.8088 
              97.922  -0.249231 0.00785664    105.455  0.787936   2.24591 -0.116756 -0.0182578 0.00400577  0.0021176 -0.00364162 -0.00108632  0.00014073  0.00612193 0.000118522  -0.0116529 -9.22155e-05  7.68028e-05   0.00010389 -0.000583454   0.00414464     -4.06555 0.060821 0.012428  -9.8088 
              98.022  -0.246292 0.00967032    105.454  0.787926   2.24593 -0.116323 -0.0182003 0.00396038 0.00213825 -0.00364112 -0.00108541 0.000140707  0.00595051 0.000610539  -0.0102475 -9.35764e-05  7.55815e-05  0.000103998 -0.000598053   0.00407914     -4.06567 0.0607879 0.0124277   -9.8088 
              98.122 -0.245859  0.010269   105.455  0.787935   2.24572 -0.115628  -0.018133 0.00394462 0.00215666 -0.00364102 -0.00108434 0.000140689   0.00594138 -3.01044e-05  -0.00854618 -9.35549e-05  7.50188e-05  0.000103227 -0.000583527   0.00401117      -4.0658 0.0607575 0.0124131   -9.8088 
              98.222 -0.244491 0.0117068   105.453  0.787224   2.24633 -0.115414 -0.0180361 0.00380848 0.00220098 -0.00363919 -0.00108293 0.000140681  0.00293967  0.00284908 -0.00844967 -9.40778e-05  7.40649e-05  0.000103951 -0.000673631   0.00389155     -4.06588  0.060689 0.0124418   -9.8088 
              98.322  -0.245649 0.00828412    105.454  0.787557   2.24604 -0.115398 -0.0180083 0.00385799 0.00219972 -0.00363995 -0.00108245 0.000140724  0.00525208 0.000959526 -0.00866654 -9.31526e-05  7.56884e-05  0.000102828 -0.000616407    0.0038754     -4.06595 0.0606888  0.012413   -9.8088 
              98.422 -0.244241 0.0111487   105.454  0.787973   2.24636 -0.114804  -0.018011 0.00382026 0.00220506 -0.00363955  -0.0010824 0.000140735  0.00707043  0.00230415 -0.00747877 -9.36272e-05  7.38901e-05  0.000102594 -0.00063923  0.00386455    -4.06606 0.0606812 0.0124234   -9.8088 
              98.522  -0.247974 0.00927955    105.455  0.787478    2.2458 -0.116038  -0.017843 0.00383304 0.00224248 -0.00363962 -0.00108006 0.000140792   0.00416661 -0.000455936   -0.0110053 -9.13828e-05  7.46754e-05  0.000101914 -0.000592544    0.0037194     -4.06603  0.060618 0.0123827   -9.8088 
              98.622  -0.247132 0.00249308    105.455  0.787885   2.24624 -0.116623 -0.0178617 0.00377934 0.00224666 -0.00363891 -0.00108031 0.000140723 0.00619297 0.00170189 -0.0120096 -9.15456e-05  7.82176e-05   0.00010148 -0.000640443    0.0037219     -4.06608 0.0606134 0.0124061   -9.8088 
              98.722 -0.244963 0.0125697   105.454 0.787928  2.24574 -0.11561 -0.0177811 0.00380008  0.0022622 -0.00363939 -0.00107903 0.000140605    0.0062705 -0.000392748  -0.00911393 -9.24932e-05  7.23902e-05  0.000101503 -0.000586537   0.00364749     -4.06624 0.0605857 0.0123727  -9.80881 
              98.822 -0.242796 0.0226539   105.454  0.788312   2.24541 -0.114989 -0.0177457 0.00380633 0.00226952 -0.00363965 -0.00107843 0.000140553   0.00753191 -0.000902317  -0.00775591 -9.34109e-05  6.65901e-05  0.000101318 -0.00056092  0.00361214    -4.06636 0.0605727 0.0123572  -9.80881 
              98.922  -0.245935 0.00985155    105.457  0.787735   2.24526 -0.115653 -0.0176096 0.00373893 0.00231258 -0.00363864 -0.00107654 0.000140545   0.00421363 -0.000777536  -0.00986021 -9.14748e-05  7.34854e-05  9.96178e-05 -0.000589193   0.00347336     -4.06637 0.0605043 0.0123533  -9.80881 
              99.022 -0.247866 0.0226181   105.452  0.787341   2.24614 -0.116177 -0.0175744  0.0036046 0.00234246 -0.00363682 -0.00107599 0.000140744 0.00286306 0.00356866 -0.0110623 -9.0148e-05  6.6284e-05  0.00010164 -0.000698939   0.00340871     -4.06641 0.0604608 0.0123967  -9.80881 
              99.122 -0.250993 0.0103002   105.454  0.787353   2.24628 -0.117148 -0.0175314 0.00360592 0.00235236 -0.00363683 -0.00107538 0.000140775 0.00365391 0.00305431 -0.0129673 -8.81647e-05  7.28707e-05  0.000100416 -0.000686161   0.00336936     -4.06642 0.0604441 0.0123861  -9.80881 
              99.222  -0.248726 0.00947713    105.455   0.78798   2.24607 -0.116675 -0.0175356 0.00365568 0.00234333 -0.00363764 -0.00107529 0.000140813 0.00691136 0.00141123 -0.0109711 -8.91221e-05  7.30615e-05  9.97273e-05 -0.000627974   0.00337887     -4.06656 0.0604562 0.0123614  -9.80881 
              99.322  -0.248491 0.00531195    105.456 0.787774  2.24587 -0.11663 -0.0174359 0.00363322 0.00237005 -0.00363734 -0.00107382 0.000140783  0.00546203 0.000390531  -0.0105854 -8.90305e-05  7.51394e-05  9.88328e-05 -0.000616397   0.00327869     -4.06665 0.0604117 0.0123444  -9.80881 
              99.422  -0.250587 0.00766253    105.456  0.787731   2.24565 -0.116566 -0.0173691 0.00361989 0.00238763 -0.00363723 -0.00107282 0.000140783   0.00517127 -0.000288001   -0.0101964 -8.76312e-05  7.36095e-05  9.84816e-05 -0.00060424  0.00321056    -4.06674 0.0603823 0.0123312  -9.80881 
              99.522 -0.244605 0.0157174   105.455 0.787523  2.24601  -0.1156 -0.0173271 0.00353617  0.0024111 -0.00363625 -0.00107209 0.000140822  0.00453762  0.00179371 -0.00778204 -9.06753e-05  6.89799e-05  9.86791e-05 -0.000656504   0.00314558     -4.06689 0.0603467 0.0123483  -9.80881 
              99.622  -0.245989 0.00805394    105.455  0.787633   2.24584 -0.115705 -0.0172757 0.00354431 0.00242174 -0.00363641 -0.00107132 0.000140871  0.00520119 0.000746516 -0.00839376 -8.96545e-05   7.2982e-05  9.81281e-05 -0.000631367   0.00309766     -4.06694 0.0603281 0.0123315  -9.80881 
              99.722 -0.248585 0.0117076   105.453 0.788131  2.24618  -0.1159 -0.0172833 0.00351346 0.00242509 -0.00363604 -0.00107139 0.000140875  0.00705004  0.00217891 -0.00901446 -8.79324e-05  7.07503e-05  9.88484e-05 -0.00065638  0.00309501    -4.06699 0.0603241 0.0123429  -9.80881 
              99.822 -0.248746 0.0102084   105.456  0.787982   2.24601 -0.115767 -0.0171863  0.0034994 0.00244994 -0.00363584 -0.00106997 0.000140887  0.00569523  0.00102366 -0.00883389 -8.76243e-05  7.13641e-05  9.69495e-05 -0.000638502   0.00299807     -4.06707 0.0602826 0.0123237  -9.80881 
              99.922 -0.242835 0.0238835   105.452  0.787917   2.24567 -0.114475 -0.0171146 0.00349752 0.00246689 -0.00363607 -0.00106882 0.000140762   0.00543745 -4.12197e-05  -0.00594701 -9.06445e-05  6.35799e-05  9.90245e-05 -0.000606865   0.00292341     -4.06724 0.0602534 0.0123017  -9.80881 
             100.022 -0.239358 0.0266959   105.456  0.787278   2.24523 -0.113336 -0.0169906 0.00346935 0.00250055 -0.00363571 -0.00106696 0.000140711  0.00295246 -0.00106223 -0.00415433 -9.23486e-05  6.18491e-05   9.6178e-05 -0.000590755   0.00279494     -4.06737 0.060198  0.01228 -9.80881 
             100.122 -0.242876 0.0128612   105.456 0.787626   2.2459 -0.11484 -0.0170165 0.00340215 0.00250585 -0.00363474  -0.0010674 0.000140498  0.00483081   0.0023308 -0.00878634 -9.01079e-05  6.93285e-05  9.62976e-05 -0.000667375   0.00280647     -4.06729 0.0601938 0.0123152  -9.80881 
             100.222  -0.246058 0.00854804    105.456  0.788047   2.24566 -0.115767 -0.0169804 0.00343894 0.00250795 -0.00363524 -0.00106688 0.000140585  0.00643744 0.000764594  -0.0110182 -8.80896e-05  7.14654e-05  9.55487e-05 -0.000623815   0.00278126      -4.0673 0.0601877 0.0122927  -9.80881 
             100.322 -0.246263  0.009344   105.454  0.787552   2.24605 -0.116055 -0.0168913 0.00334896  0.0025434 -0.00363403  -0.0010656 0.000140631 0.00389035  0.0023927  -0.011361 -8.77571e-05  7.08475e-05  9.66588e-05 -0.000681237   0.00267274     -4.06736 0.0601329 0.0123058  -9.80881 
             100.422  -0.248664 0.00736261    105.453  0.787094   2.24671 -0.116237 -0.0168349  0.0032635 0.00257069 -0.00363289 -0.00106479 0.000140674 0.00247816 0.00436881 -0.0113308 -8.61914e-05  7.17647e-05  9.70195e-05 -0.000741391   0.00259533     -4.06743 0.0600918 0.0123239  -9.80881 
             100.522  -0.246783 0.00999437    105.452  0.787258   2.24674 -0.116271 -0.0168093 0.00328753 0.00257252 -0.00363331 -0.00106434 0.000140621 0.00416698 0.00318134 -0.0108629 -8.69661e-05  7.00664e-05  9.71166e-05 -0.00070364  0.00257268    -4.06752 0.0600865 0.0123052  -9.80881 
             100.622    -0.24821 -0.00256819     105.453  0.787355   2.24631 -0.116716 -0.0167441   0.003331 0.00258006 -0.00363392 -0.00106335 0.000140732  0.00487706 0.000381174  -0.0114935 -8.59418e-05   7.6745e-05  9.62957e-05 -0.00064105  0.00251856    -4.06757 0.0600703 0.0122716  -9.80881 
             100.722 -0.249497 0.0121233   105.452  0.788163   2.24623 -0.116393 -0.0167701 0.00334949 0.00257099 -0.00363437 -0.00106361 0.000140662  0.00815552 0.000308785  -0.0100794 -8.49342e-05   6.8385e-05  9.61197e-05 -0.000618105   0.00254242     -4.06769 0.0600838 0.0122652  -9.80881 
             100.822 -0.243524 0.0206431   105.451  0.787601   2.24607 -0.114281 -0.0166552  0.0032853 0.00260847  -0.0036338 -0.00106179 0.000140566   0.0050623 0.000212793 -0.00502501 -8.80239e-05  6.34982e-05  9.66411e-05 -0.000628897   0.00240548     -4.06792 0.0600237 0.0122555  -9.80881 
             100.922  -0.24306 0.0129928   105.452  0.787533   2.24603 -0.114626 -0.0165951 0.00326008 0.00262675 -0.00363343 -0.00106095 0.000140547  0.00464619 0.000323553 -0.00678277 -8.80414e-05   6.7534e-05  9.55756e-05 -0.000636983   0.00234071     -4.06793 0.0599946 0.0122516  -9.80881 
             101.022 -0.242284  0.019861   105.454 0.787715  2.24576 -0.11474 -0.0165532 0.00326839 0.00263495 -0.00363358 -0.00106031 0.000140549  0.00543796 -0.00030928 -0.00754561 -8.82149e-05  6.35292e-05    9.413e-05 -0.000614007   0.00229999     -4.06798 0.0599798 0.0122373  -9.80881 
             101.122 -0.244186 0.0155247   105.453  0.787679   2.24578 -0.115165 -0.0164997 0.00323291 0.00265336 -0.00363311 -0.00105955 0.000140563  0.00498016 0.000289472 -0.00889128 -8.69225e-05  6.57363e-05  9.48011e-05 -0.000632495   0.00223819     -4.06801 0.0599511 0.0122383  -9.80881 
             101.222 -0.245164 0.0135781   105.453  0.787806   2.24645 -0.115059 -0.0164966 0.00315318  0.0026679 -0.00363206 -0.00105948 0.000140537  0.00544294  0.00320373 -0.00863847 -8.61088e-05  6.66529e-05  9.42245e-05 -0.000701548   0.00221177     -4.06808  0.059932 0.0122655  -9.80881 
             101.322  -0.247463 0.00854443    105.454  0.787738   2.24598 -0.115941 -0.0164011 0.00318944 0.00268336 -0.00363252 -0.00105813 0.000140582  0.00478911 0.000422034  -0.0108008 -8.46302e-05  6.91933e-05  9.35344e-05 -0.000642299   0.00212741     -4.06809 0.0599027 0.0122304  -9.80881 
             101.422  -0.249956 0.00156626    105.455  0.787564   2.24602 -0.117108 -0.0163373 0.00315613 0.00270363 -0.00363202 -0.00105726 0.000140575  0.00391954 0.000586199  -0.0131252 -8.30316e-05  7.28463e-05  9.23888e-05 -0.000659424   0.00205688     -4.06808 0.0598706 0.0122296  -9.80881 
             101.522 -0.251778 0.0124229   105.453  0.788032   2.24595 -0.117423 -0.0163389 0.00316445 0.00270185 -0.00363223 -0.00105723 0.000140537  0.00605627 0.000487791  -0.0128111 -8.17576e-05  6.66158e-05  9.33077e-05 -0.000643641   0.00205649     -4.06816 0.0598726 0.0122234  -9.80881 
             101.622  -0.247483 0.00754447    105.455  0.787474   2.24553 -0.115903 -0.0162319 0.00313593 0.00273134 -0.00363196 -0.00105555 0.000140425  0.00370733 -0.00100235 -0.00844307 -8.39262e-05  6.91094e-05  9.22386e-05 -0.000624444    0.0019336     -4.06837 0.0598234 0.0122027  -9.80881 
             101.722  -0.250268 0.00570592    105.457  0.787796   2.24592 -0.116373 -0.0162461 0.00308708 0.00273675 -0.00363132 -0.00105576 0.000140419   0.0052644  0.00117876 -0.00957077 -8.21152e-05  6.99424e-05  9.05482e-05 -0.000673013   0.00193376     -4.06841 0.0598181 0.0122235  -9.80881 
             101.822 -0.247777 0.0127726   105.455  0.787653   2.24606 -0.115658 -0.0161954  0.0030455 0.00275562  -0.0036309 -0.00105494 0.000140425  0.00460749  0.00170322 -0.00774175 -8.32568e-05  6.58404e-05  9.15705e-05 -0.000688975   0.00186666     -4.06853 0.0597885 0.0122234  -9.80881 
             101.922 -0.240109 0.0240734   105.453  0.787168   2.24514 -0.113801 -0.0160782 0.00308308 0.00277559  -0.0036317 -0.00105309 0.000140174  0.00312722 -0.00193828 -0.00371344 -8.72861e-05  5.93641e-05   9.1911e-05 -0.000602638   0.00174949     -4.06873 0.0597498 0.0121753  -9.80881 
